customer_id,name,country,signup_date
8WH2MP4EC90,Kaela Marcu,Pakistan,9/9/2026
2JY8XY0MR88,Eddi Yoskowitz,Colombia,3/7/2026
7U96Y50JY49,Lorilyn Sackler,China,11/12/2025
7P81AN9WK09,Marla McCullen,China,8/2/2026
9G98W76NJ22,Janella Legrand,Norway,11/1/2025
4CC3F79MT49,Ailee Abelson,Iran,9/22/2026
7H24NE5DR86,Boonie Cluer,China,11/26/2025
3QT3MN6TF89,Sondra Hancill,Palestinian Territory,12/6/2025
8CV8PV8DN50,Creighton Mounch,Croatia,7/28/2026
5FH8Y73AA17,Linda Budnk,China,12/27/2025
8EQ7JA8KT29,Zorina Kirke,Chad,9/13/2026
4V24V61NG43,Gardener Cradduck,Czech Republic,1/26/2026
1TN8T34RF61,Merry Curedell,Tunisia,11/25/2025
2GW9UW1UA79,Vanna Mantle,Reunion,9/3/2026
5X23K33XM20,Lowell Mayhou,Poland,4/20/2026
8A25XG4FU53,Wynn Possell,Sweden,11/11/2025
2XA7PN2UR54,Krisha Netherwood,Brazil,5/5/2026
8Y60EE1QC23,Englebert Egiloff,Malaysia,1/4/2026
3W77WC0NR84,Fleming Wedlock,United Kingdom,2/21/2026
1DY8FC5NQ52,Davidson Plewes,Czech Republic,12/25/2025
8F97V42QM07,Raimundo Drexel,Sweden,5/13/2026
8R33R95KY09,Diana Lackey,China,12/26/2025
2M42EV5KF52,Kelci Clow,Armenia,6/18/2026
4RH2NR5FU54,Owen Nolli,Malaysia,5/25/2026
6NU0TW8JW81,Skylar Koenen,China,7/25/2026
4G43CU7RU68,Arel Garioch,United States,2/9/2026
8NY5XQ1KQ99,Callean Bolam,Poland,4/27/2026
3UU9AX2XM23,Wilden Jasiak,Saudi Arabia,3/18/2026
1G65FH6FY76,Barrett Cawthorn,Guatemala,7/20/2026
2K38J25YU03,Somerset Poure,United States,11/26/2025
9T88M66HR61,Bayard Mattheissen,France,2/19/2026
4MJ9VY9DH01,Malena Stoll,Malaysia,6/21/2026
9YG8UW2RA33,Anselma Castro,China,11/16/2025
8XK4PD8FG54,Myrle Jeeks,Indonesia,5/29/2026
9W35G27NX70,Fidelia Illingsworth,China,11/27/2025
7C53D83PU27,Marabel Kisting,Indonesia,9/7/2026
1FK6E35VN50,Stan Berrane,Thailand,10/26/2025
6Q12Q34DX29,Janeta Torrance,Russia,9/7/2026
2RD7AT7PE95,Helaine Aveyard,Russia,12/30/2025
7VT2X96VT69,Elvina Gounod,Portugal,12/10/2025
9G40A13JH67,Doro Pumphreys,Peru,3/20/2026
5RR7PK1FH09,Honoria Murrhaupt,Brazil,10/3/2025
2CP6PW8XW75,Meaghan Cockerham,China,4/14/2026
3VA1D86EK09,Laurel Trouel,Indonesia,7/30/2026
6UX2HK4MQ98,Angela Stebles,Russia,7/21/2026
1QG6E59DJ32,Jeffry Sarson,Indonesia,6/14/2026
5F34EW1MP70,Amerigo Coke,Finland,7/4/2026
6DC3A11TV94,Joaquin McKew,Finland,1/19/2026
6QR3JN1DD26,Conant McGettigan,China,2/9/2026
8A18HF7XC84,Thaddeus Demanche,Poland,5/6/2026
3F09JW0MR53,Trip Manlow,Syria,6/26/2026
6H19Y67CH00,Brice Wagge,China,7/19/2026
5GP5H49UV58,Kellby Yerson,Poland,3/25/2026
2E80PT1YV84,Jordon Norsister,Indonesia,1/11/2026
1U89R86VM41,Rosaleen Waddam,Japan,12/2/2025
8HY9GX1RV67,Dolph Greenwell,Vietnam,11/5/2025
8XC3M07FU43,Carl O'Farris,Sweden,6/24/2026
2PP0JK7DG43,Mirella Levison,China,5/1/2026
3Y64PE1MJ56,Lucilia Overill,Poland,5/1/2026
1HX2R02DD55,Eldredge McKeevers,Russia,10/28/2025
4E39JD9QC50,Lynette Thornewill,Nigeria,2/6/2026
4EK2R61RD84,Cari Dyball,Poland,5/28/2026
4FT6GD4WT56,Joli Bentame,Japan,11/17/2025
2H55FP5PN61,Frankie Barby,Portugal,6/21/2026
7R50UG9DK48,Tildi Clail,Sweden,7/7/2026
6VG5R42RC77,Thomasina Lowman,Ireland,8/11/2026
3XT7QV6VD71,Ebeneser Riordan,Philippines,2/25/2026
4GF9R87JR08,Rosemonde Colnet,Canada,2/19/2026
5EC8N36VR23,Frazer Velde,Sweden,7/10/2026
8QN4RN9MK93,Kaylyn Becraft,Japan,7/11/2026
6Q99QT1JX20,Nydia Culver,Indonesia,6/13/2026
7EM0XE2MY14,Joya Biermatowicz,China,3/2/2026
9FH6DE3QT58,Casar Nuscha,Czech Republic,7/2/2026
3UW8HM3NX13,Newton Bartoszinski,China,9/12/2026
5V80QP1EA89,Kellsie Blenkharn,Saint Vincent and the Grenadines,2/17/2026
3G50YT3CV38,Arnie Mimmack,China,8/9/2026
4NH7PD7GY24,Leelah Eunson,Brazil,8/10/2026
8C24GC2VE45,Bianca Sandbatch,China,7/2/2026
3UG0JV8EP17,Cesare Birbeck,Philippines,1/14/2026
2PT0UU5WT51,Almeda Lambin,Indonesia,5/19/2026
4PJ0R61ME93,Garek Isaac,China,12/16/2025
7MK0CK7FJ41,Cordelie Carriage,Armenia,9/26/2025
2N68P16KW04,Zaria Ridgley,China,5/27/2026
6Y82K18XM34,Aurelia Ruppertz,Sweden,8/12/2026
3FC5D40DA22,Nathan Bignell,Afghanistan,5/15/2026
4XU6VV4QC56,Gaspard Wallhead,Israel,7/2/2026
9AT6EN6HX15,Nara Yoxen,Russia,1/15/2026
7JH3QK9AU50,Graham Orrett,Indonesia,4/3/2026
8Y09QR0HT97,Tish Mochan,Mongolia,10/2/2025
8XK0A59TP33,Emmery Blade,Armenia,11/4/2025
8FH6QQ6WU32,Odette Hully,Venezuela,3/8/2026
2FC5XM1DJ72,Chantal Carthew,Panama,5/29/2026
8VJ8R19DQ75,Lynda Gettens,Indonesia,11/8/2025
7Q60AF1VG17,Ambrosi Viveash,Armenia,9/26/2025
7WX2VD4HP16,Yasmin Brinson,Zambia,5/24/2026
8V43QU4RN43,Hope Durbyn,Jordan,1/13/2026
6W21MN2UF17,Eward Dobinson,Tanzania,8/18/2026
5K78M42AR89,Bunny Thew,China,6/19/2026
6Q48FP3WK77,Hetti Cuddehy,Indonesia,11/14/2025
6UV6QR5GR61,Silvana Culwen,Cambodia,7/11/2026
6J14VE5WF37,Biron Gianettini,Philippines,9/6/2026
5RQ5XV2GY54,Michelina Meeking,Azerbaijan,11/1/2025
5N69E01KR50,Lennard Woolforde,France,5/4/2026
4RH2G05WX74,Drucie Donnellan,Spain,8/30/2026
6A65HU7CW14,Ronnie Worrell,France,5/26/2026
3TG1TJ4QT84,Montgomery MacCarter,United States,11/7/2025
2PT3EQ9WK07,Valina Nast,Indonesia,11/4/2025
4HW4RU6CQ86,Louisa Hovy,Poland,11/16/2025
2DE8V39YG10,Fidela Mearing,Tunisia,7/17/2026
4D32T32WW81,Greta Connor,China,8/31/2026
3VV4UT1PC10,Berke Snyder,Peru,1/13/2026
4WX7K05NC50,Teddi Gason,China,4/17/2026
9GQ7A16TK33,Veda Hembrow,Indonesia,1/22/2026
6TG2VG9NU24,Banky Fountian,Japan,1/26/2026
5T20MW5XR09,Gregorius Gage,Thailand,9/28/2025
1AE1FK4KC40,Saunder Pitkins,Vietnam,2/12/2026
6RC4J16KY62,Misti Pemble,Ukraine,10/15/2025
7X71UU0YC62,Clara Edwinson,China,3/8/2026
6K10YC3QJ23,Pris Gelly,Ireland,9/16/2026
7D83VT4KT07,Martie Wheowall,France,3/7/2026
1E77NR8CK01,Myles Balsdone,China,4/5/2026
5RK5Q39KV50,Francesco Cordelet,Brazil,11/3/2025
4FH6MH0UE95,Priscella Badger,China,6/29/2026
3NP5NM6FY21,Melitta Patria,Switzerland,7/19/2026
9W66N09DT09,Ellie Tothe,Yemen,8/22/2026
3CJ2T24WY82,Brooke Felstead,Philippines,7/9/2026
5Y22R64KN53,Chuck Steadman,Portugal,10/26/2025
8DD1C38WC77,Lay Nertney,China,10/14/2025
5KM2YD8UJ67,Reta Spurway,Japan,5/14/2026
3CE4UF9QX35,Brose Hedau,Peru,1/20/2026
6RM6Q21FG72,Alphard Mullane,China,8/6/2026
2KP9H26KC52,Lolita Carl,Japan,4/19/2026
1Q09G21EW51,Tadeo Render,Indonesia,2/22/2026
6EJ5FT8TC94,Leodora Tethacot,Mongolia,1/10/2026
4XQ0F21JX13,Georgina Charlwood,Italy,9/12/2026
5G76D12PE15,Celestyn Spinozzi,Philippines,6/30/2026
8N70RW3QW60,Ron Pye,Egypt,2/22/2026
4DV0AW1GM49,Jefferey Mapham,Tunisia,11/30/2025
1AG6RQ0TN60,Tuesday Renackowna,France,8/9/2026
7QC5PD2CX59,Yetta Withringten,China,3/8/2026
1QV6N37VR75,Meggi Fritchly,Albania,2/4/2026
8AR6EF4FA15,Ulrich Litton,Russia,6/14/2026
6FW1X48FU59,Raymund Beynke,Peru,3/18/2026
5GD6QH4DR40,Delphine Zorn,Indonesia,4/29/2026
5MP4YE3HK29,Toddy Wasbey,South Korea,4/30/2026
9YH8T65UM12,Libbey Skea,Portugal,8/4/2026
9VN1M01JD51,Josselyn Hiddy,Israel,4/26/2026
5K18AE8RJ72,Gillan Sherrocks,China,1/10/2026
1PA4T28CD98,Rhoda Yarranton,Russia,10/27/2025
1P62JJ7CH76,Ashley Lydster,China,1/22/2026
9R79N93NY21,Leslie Todaro,Japan,1/12/2026
2UN2NW9CM03,Aubrey Battell,United States,8/27/2026
3KG6UR0QK40,Vittorio Woolward,Brazil,6/30/2026
6V71JE1GC08,Reginauld Verchambre,Serbia,2/20/2026
3J31DE0ER07,Leopold Morville,Ukraine,12/3/2025
5QK9T28PR61,Sapphire Briton,Russia,12/9/2025
5TE0V32KM56,Ashlin Caslake,Azerbaijan,8/21/2026
3DH8FR6DT04,Desirae Lynds,Philippines,2/21/2026
2MH1RC5RQ98,Eddie Toman,Poland,8/18/2026
5T12CJ0RW31,Kylynn Vernall,China,10/30/2025
3MC0AM9EX95,Ted MacGoun,Serbia,4/10/2026
4W17FY1HN38,Drucie Elsmore,Nigeria,7/15/2026
3NV4NQ7MD50,Clarke Treby,United States,1/22/2026
3K25Y14TC53,Ulla Darwood,Japan,1/5/2026
6WJ3H88GK89,Halie Le Blanc,Madagascar,7/27/2026
7VW1CV8XT75,Sherman Gaskill,China,2/2/2026
8VD9HG2GU63,Ariana Jeaves,Slovenia,10/17/2025
3TU6GV0QX46,Noelani Blackborn,China,6/11/2026
3KN6U87UJ50,Price Prest,Portugal,10/6/2025
7V84RN2NH10,Atlanta Gaylord,Yemen,10/26/2025
3X23X64UQ36,Cathe Doolan,Sweden,8/26/2026
2RH7FY0PD13,Aliza Kegan,Yemen,5/13/2026
3HE3CC7AW54,Chandal Chaffe,Portugal,11/24/2025
6TE4DC5YW33,Devonne Mordue,South Africa,11/6/2025
5ER4Q05PY28,Jason Lyddyard,Thailand,4/27/2026
7AW1KV7RX16,Adey Cinnamond,Croatia,5/4/2026
7G82Y83KF00,Rochelle Travis,Sweden,5/10/2026
3M58DF9FG11,Rea Wyche,Palestinian Territory,12/10/2025
1UH4W14WT36,Sylvan Humphery,Philippines,11/4/2025
6HH4MY1RQ79,Axe O'Dare,Czech Republic,12/25/2025
6Q38RT0CT78,Johnna Matuszynski,China,6/20/2026
9D05R79KN82,Kamilah Riccardo,Panama,6/20/2026
2UG0NC1GF01,Abdul Matson,China,6/2/2026
6MD8F30WX07,Gabrielle Dimmer,Philippines,12/17/2025
5XX1U49YN93,Charissa Howood,Indonesia,8/7/2026
6U84NC4CG29,Kelbee McCaghan,Colombia,4/24/2026
1PQ8NF4YQ98,Elisha Waeland,Bulgaria,4/16/2026
2PY7XF9DT22,Gianna Shaw,Ukraine,6/16/2026
3PJ5X11AU02,Noel Simo,China,4/24/2026
4A38K44RV36,Ardelle Goundrill,Brazil,3/19/2026
5RJ7NY8PQ88,Keven Farnham,Brazil,9/30/2025
1FT2JM4YJ13,Doris Allcorn,China,12/2/2025
8H26JP5YA37,Eba Whawell,Yemen,11/19/2025
8J99XY3XQ20,Vergil Hatt,China,3/4/2026
5FN6X72XN63,Serena Kirkman,Portugal,1/15/2026
1WT1D56QC31,Fania Sapsford,Philippines,1/22/2026
7K24N86TV21,Tommie Chaperlin,Poland,2/25/2026
1RX2GE0UU53,Octavia Morilla,Canada,6/13/2026
7A23N88RJ88,Clare Millican,China,10/18/2025
7CV9A18DX09,Nanette Harriskine,Ireland,4/17/2026
2KG7W60XA78,Tallou Bletso,Russia,10/16/2025
5RE4QM2AU36,Mycah Palatini,Russia,8/2/2026
6GH4KM7JH26,Brooks Dripp,United States,4/11/2026
3FA0C26FF80,Corbin Senner,Indonesia,8/12/2026
4Q27CM3RF42,Aurea Covolini,Russia,1/19/2026
6MR2FQ2RT50,Sharleen Josilowski,Portugal,1/24/2026
4EF5TC8AG68,Alphonse Bonick,Latvia,5/16/2026
8HG3GE7PK08,Skelly Riste,Finland,4/22/2026
2T07YA2WT51,Jan Vigne,Greece,9/6/2026
3AW9G95MM95,Korrie Caldera,Czech Republic,7/10/2026
6UV9V45HD07,Shane Daout,China,1/12/2026
3A02N28RC56,Raddy Littlejohn,Russia,11/7/2025
4X96UE4KY49,Monica Bittlestone,Russia,9/15/2026
4FX3TM0UD97,Torry Goble,Russia,4/1/2026
5M22GJ9KU94,Merridie Pardi,Russia,3/8/2026
4Q02NW0FV39,Benetta Dargie,China,8/7/2026
6HF7Q42GK04,Neale Kemish,France,9/16/2026
4U19E13PJ76,Wendell Dawdary,China,7/7/2026
7HR4T02RH48,Erna MacCardle,France,4/28/2026
3YF0EF8XQ18,Geri Stannas,Mexico,7/16/2026
7X46Q24WM52,Frasco McClurg,Poland,7/30/2026
5R89H88DU69,Ginnifer McIlharga,China,5/4/2026
6K93KA9PA39,Derick oldey,Ukraine,8/29/2026
7PN8NY8TM49,Zitella Hadkins,Peru,12/7/2025
6YU3UY1MF18,Maud Hurleston,Indonesia,10/20/2025
2DH7QM4YM09,Chalmers Andreix,Chile,3/27/2026
9KD5QN1RA97,Nevin Rieger,Slovenia,8/16/2026
3TC4NJ4PH16,Roshelle Wheater,Sweden,4/6/2026
7UK8JY4CH50,Chase Mongenot,Malaysia,11/8/2025
8VP6F92HA56,Milena Seagood,Czech Republic,5/6/2026
4X31WT7YF07,Arline Heppner,China,12/24/2025
8GN5RR1CM30,Orella Piegrome,Mauritania,8/13/2026
9FQ9FY6TM09,Peterus Pawden,China,2/19/2026
9U34H02CA39,Teressa Samper,Russia,12/8/2025
3VE3FP1QG83,Kessia Camm,China,1/9/2026
5N35V30TK33,Stacy Kindon,Russia,9/7/2026
1X33Q83CX30,Holt Soldan,Indonesia,12/3/2025
7UK9VV1AY53,Ira Povele,Sri Lanka,4/8/2026
4RD9CT0HM77,Tate Trighton,Malaysia,2/23/2026
1DM9FX0XQ06,Alain Baudy,Cameroon,8/13/2026
1W84P92CR13,Nicolle Myerscough,China,7/13/2026
2YT2WW7VT21,Gizela Prati,Canada,8/15/2026
3W62PE5TF92,Anstice Badwick,Greece,11/21/2025
7YR8DV5QR22,Putnem Clarke,Cuba,12/30/2025
2G68NJ9QV05,Merridie Heephy,Indonesia,9/29/2025
2X90D30PW88,Gregorius Compton,China,11/19/2025
5AP2WW4EW53,Valida Broose,France,12/26/2025
8GQ2U70PF58,Rustie Shoveller,Philippines,6/15/2026
2WT6J14FM84,Torey Goodge,Sweden,12/16/2025
8WH5RU6GK56,Noak Skillicorn,Poland,7/4/2026
8TF3F36VM83,Elka Sewart,China,12/3/2025
8AK5EQ6GQ32,Nadean Shrubb,Guadeloupe,3/15/2026
3E77TR6JJ34,Camile Glendenning,Dominican Republic,1/19/2026
9MY3DJ3QT13,Penelope Dimeloe,Indonesia,7/4/2026
4JM9NW0RT31,Silvano Victoria,China,6/1/2026
9M79TX9VQ79,Fidole Fitter,Latvia,1/1/2026
3HN9RU2YG19,Cullen Jerwood,Ukraine,6/28/2026
2HF9ME5XU35,Karlan Gorring,Spain,12/19/2025
8D84MV6MN33,Aline Hamp,Afghanistan,1/3/2026
9J00NU9RR77,Florence Folomkin,Ivory Coast,2/7/2026
9T40C27CW87,Cathee Frusher,Vietnam,5/21/2026
2Y73UF9QV73,Gonzalo MacKay,Peru,4/2/2026
5HU8DR3YV34,Clotilda Byram,China,4/3/2026
4JP0NA5UA21,Perri Linthead,Japan,11/12/2025
1X15QJ8PE05,Tandi Chadbourne,Brazil,8/29/2026
3VT1K07KE41,Sibella Quixley,United States,9/17/2026
1KE0K75GE43,Margery Caughey,China,4/25/2026
6Y83GM1PM59,Blinni Greally,China,11/26/2025
5MX7ND4NR27,Arni Denyakin,Australia,11/29/2025
8U11JP7MH62,Codie Northin,Cameroon,7/4/2026
5AH9KT5EK44,Robyn Sebire,Indonesia,5/21/2026
9VU2X49JF92,Sandy Marran,Uganda,11/28/2025
5X86YX9XW20,Carlye Robardey,Philippines,2/1/2026
3KY8N15PN72,Angela Jobke,Brazil,6/30/2026
4MV5RV5UN51,Simmonds Rallinshaw,Japan,2/6/2026
4GD8KP5NR30,Ronny Drynan,Nepal,5/14/2026
1YQ9EF4UQ59,Guglielmo Volkers,Indonesia,10/6/2025
7VX5R81MV23,Towny Gullivan,Greece,6/15/2026
5N00Q81ME65,Stephani O'Gormally,Netherlands,10/11/2025
4GH4FA9FP36,Phyllis Kastel,China,12/27/2025
1CY2MA0CF61,Trixi Sagrott,China,10/16/2025
8UH0QR0EY30,Berri Feehely,Poland,2/13/2026
8PK4D98GY92,Wynny Marushak,Indonesia,4/18/2026
6GV9VK3GN35,Stacy Selbach,Ukraine,6/29/2026
4NT9G11DM10,Marla Tussaine,Peru,9/4/2026
4QP2MQ2UN22,Augustus Cheale,Japan,7/12/2026
5H66Q75NK68,Calley MacClure,Japan,8/16/2026
2A70J46WH19,Rudolfo Penvarne,Chile,3/1/2026
8V79TQ2TR88,Conway Stubbings,China,3/18/2026
1JN2YE2NG90,Judi Karpfen,Poland,6/26/2026
4RY2RE4GD34,Hanni Bidgood,Sweden,3/18/2026
6PE8C28YX62,Aldon Collip,Colombia,8/4/2026
2AM7CQ8RN41,Farrel Binny,Palestinian Territory,3/13/2026
4TN4GP2TT55,Millicent Hickisson,Russia,2/6/2026
3M06KH5XA98,Mora Arendt,Mongolia,2/17/2026
7WY7WU2KY34,Ofilia Oxtarby,Finland,9/25/2025
1CM3FY4PY97,Rosalinde Gemson,Philippines,11/4/2025
6H85HP0PK30,Hali Mobberley,Jordan,4/25/2026
1M14DD8YU32,Akim Tarquinio,Bosnia and Herzegovina,2/10/2026
3PC3D07AW96,Meghann Grace,France,9/18/2026
8NN9R89AY82,Dagmar Sawl,Yemen,10/22/2025
4YG3MW5NG96,Christin Bellard,China,7/11/2026
4HH3P15QY66,Lockwood Revance,Mexico,12/5/2025
3UF0E51UU99,Hersch Luney,Costa Rica,12/7/2025
3G31R50FY64,Tatum Grise,Kenya,3/6/2026
1A33M40VC79,Marty Pleasance,Macedonia,8/19/2026
4TD0DK6UT65,Gilbert Massel,China,7/18/2026
9CT1QQ3TR80,Darb Sango,France,12/7/2025
8H37U00EH17,Dean Davydkov,Serbia,10/15/2025
3VD8U19KP50,Roselle Poundesford,Indonesia,4/8/2026
7QW4EX2NK29,Dennie Starrs,Russia,9/19/2026
6NV4UM6NG67,Cyndia Weaben,China,10/24/2025
6TQ5A42JA80,Mala Sherrell,Pakistan,2/21/2026
4X15AE2CF96,Hort Montilla,Philippines,4/18/2026
4WX1RQ7VW45,Betti Sawell,United States,12/17/2025
2MU5EG2QK98,Rubetta Mirfield,France,3/1/2026
9E78V94XM03,Welbie Flageul,Finland,6/4/2026
6M59EQ9TK06,Virgina Redman,Ukraine,5/16/2026
5DG5N37TW90,Sherri McPeck,France,9/14/2026
4NU9U00CP33,Clemmy Durran,China,5/26/2026
2RJ2RP5NN47,Mandie Skeffington,Colombia,8/26/2026
9ER4T18GV97,Tallie Ledgister,China,3/18/2026
9WD3T88VW28,Eudora Blazevic,Sweden,1/23/2026
4TU1P65YN13,Giulio Hupka,Indonesia,7/23/2026
4DT6NQ2QY38,Jacinthe Ventum,China,10/18/2025
1T62X45UR95,Salvatore Gaiger,Russia,4/3/2026
5U88YG9AW26,Lombard Swede,Greece,7/8/2026
2C98EW4JN95,Abey Kelmere,Indonesia,10/6/2025
6A12RM0YJ55,Hayley Petr,China,6/20/2026
5AT1P64FU82,Yolanthe Ridgeway,Tunisia,1/14/2026
5P51K17AK63,Arlina Mullender,Armenia,10/12/2025
1TX1VN5PD43,Drucy Balogun,Sweden,8/4/2026
5UK8VT9MN35,Marven Muneely,Mexico,8/9/2026
3EW0FV4YC20,Dugald Ortmann,France,4/26/2026
5EH4Y90PJ89,Bessie Doerling,Greece,9/16/2026
3YP7X31FD33,Christin Mechem,Philippines,7/19/2026
6HH0HT9EJ85,Daffie Woffinden,Cuba,12/11/2025
9X15J44JY54,Hammad Rayer,Philippines,2/26/2026
8M46C71QC42,Kathryne Rewbottom,Croatia,10/4/2025
7JJ2FM6EH53,Miner Beadles,Philippines,3/14/2026
5JV6Y01YK83,Tallie Vasiliev,Brazil,10/18/2025
5EU3QW3YM80,Cy Orum,Yemen,5/21/2026
8YC6HJ6DU77,Joellyn Zeplin,Lithuania,12/5/2025
5HX2GD2ER74,Natale Meeny,China,6/16/2026
6PE9Y97DV49,Dalli Saltmarsh,Poland,2/12/2026
9FT2J05XU32,Olvan Christie,Portugal,5/30/2026
3WE2H95GM96,Georgeanna Pevsner,China,12/21/2025
8NX4EQ9NC11,Jarrid Bertolaccini,Philippines,4/18/2026
4PX0KJ3QN42,Phillida Adlard,China,9/25/2025
2FA6RJ9DT38,Leonhard Christofe,Germany,7/2/2026
8Q35KD5RA88,Hodge Matteoni,Russia,9/29/2025
1CE7C19GM89,Daniela McKain,France,5/10/2026
3MA4FR6DK48,Florri Garralts,Luxembourg,8/12/2026
4WY6HF4JU13,Ilise Snodden,Ireland,9/3/2026
4F20KK1NF25,Nissy Shearmer,Philippines,8/6/2026
5XN3GN1FA96,Ellwood Wank,Portugal,2/19/2026
4K67R23UC77,Shaughn De Maria,Honduras,11/23/2025
6AH7QX6QF56,Eimile Goodwins,Peru,11/3/2025
9M08WE0DF38,Lora Schober,Indonesia,10/20/2025
1VD3AX3MD96,Adrianna Chattoe,China,8/7/2026
7CG1DY1KQ24,Edward Barlass,Uzbekistan,10/1/2025
9V74C27ND87,Darius Patient,Hungary,4/2/2026
2TF7F26PK77,Sutherlan Jenk,Portugal,5/5/2026
9R93HF3HV44,Juli Jimeno,Russia,4/18/2026
7MG7V42JD52,Bastian Novotna,Nigeria,2/16/2026
7CY2JF9MN36,Shelagh Schoffler,China,8/11/2026
4YA7XQ8MX65,Merry Indgs,Czech Republic,10/4/2025
3KV0YK5QX49,Berkie Brogioni,China,9/13/2026
1WE0GN0DX31,Verne Januszkiewicz,Afghanistan,12/6/2025
3W53WH0KF76,Sibel Foystone,Ireland,8/22/2026
4VP0MA7AF52,Faythe McGiffin,Brazil,5/8/2026
9K91DR5EV73,Pavlov Batcheldor,China,10/14/2025
2JR2XT2JQ50,Helsa Goodbur,Indonesia,5/20/2026
9E83Q61AW97,Jerad Crichton,Bosnia and Herzegovina,9/30/2025
8PP8A07CU95,Feliks Buckles,Malaysia,3/1/2026
1KA1GM2NU54,Graig Coutts,Philippines,4/25/2026
7K17PJ6DK47,Leslie De la croix,China,1/31/2026
5CX5TU4DP83,Zea Le Port,Mexico,7/17/2026
9NY6XX3JK20,Anthia Pirdy,Armenia,3/2/2026
4DR0FJ9AH71,Jan Affron,Russia,1/21/2026
5RW1E51PJ38,Zilvia Thomke,Japan,7/1/2026
3T48HR4GJ31,Stanwood Brecon,Indonesia,6/14/2026
8NW7WF3YP37,Aguie Jakeman,China,9/10/2026
1FY0GP1XH70,Babette Braley,China,6/27/2026
8V43DM8FU48,Alisun Carluccio,China,8/24/2026
8K87F30EY38,Malanie Acutt,China,10/20/2025
5Y07NM7MP42,Nancy Bonanno,Iran,8/15/2026
9ME2F02RH46,Kare Crepel,United States,3/22/2026
7K70C68HT58,Eal Mennear,Philippines,3/6/2026
7XU1YH7UP06,Wilbert MacFaell,Brazil,5/6/2026
7G39CG1AU75,Erv Bernardet,New Zealand,5/20/2026
8D53FQ6GD77,Ulberto Bulleyn,China,8/29/2026
3TJ8R20PT30,Nathalia Strickland,Japan,5/29/2026
5N95QA0JD00,Haroun Doogood,Portugal,1/30/2026
7KH8NE3GH07,Ian Mabone,Luxembourg,4/9/2026
4TC4TV1MU47,Lynea Hollingsby,France,6/16/2026
2Y70DV2FP32,Consuela Malden,Panama,5/15/2026
2HX3GG3DA84,Hinze Harflete,Ukraine,8/29/2026
6C80FK4YX46,Devi Tanguy,Tanzania,9/6/2026
4RU2JP0AV39,Orelie D'Arrigo,Thailand,5/31/2026
5AM2HE4GU25,Orson Edmeades,France,4/18/2026
6Y80VW4PJ31,Beau Le Ball,China,8/22/2026
5TY5D94EN50,Lars Bullcock,Sweden,1/2/2026
2UV6RM2QQ58,Warren Curdell,China,9/15/2026
7A88U77HM63,Amie Arlt,China,9/23/2026
9JA7CJ7UY55,Forrester MacTrustam,Indonesia,2/20/2026
1E99RF8CY76,Maxine Grint,China,2/16/2026
9DT9H51MP99,Roy Bonnet,Peru,7/23/2026
1W07GJ7WQ40,Meier Mennear,Indonesia,7/20/2026
4U02G08DW78,Loria Shevill,Serbia,2/17/2026
9YD7E58MP93,Jasmine Hartmann,Sweden,5/12/2026
9TT3NF5AT51,Lorettalorna Moncrieffe,Russia,1/23/2026
8AP4E81PW35,Jobina Pinwell,Brazil,6/26/2026
4TV9FA7CV85,Violet Vanezis,South Africa,3/12/2026
2R80X77NV50,Helen-elizabeth Dayce,Indonesia,1/26/2026
9FA8XD4HC65,Merle Blinerman,Philippines,12/15/2025
3G15NV3AX99,Carlee Vials,Poland,3/11/2026
8HX6DY4MC14,Quinlan Nono,Latvia,3/29/2026
6CT5GN7TJ57,Markus Mardoll,Philippines,7/21/2026
1F63PW8RJ03,Tabb Golton,Macedonia,12/9/2025
5P04U22PC50,Bennie Stollwerk,China,11/29/2025
9RA4PF1ME80,Terrance Dace,United States,7/6/2026
1HN9AJ2XJ79,Geri Josuweit,China,1/2/2026
7WC7U47JN34,Rebekkah Di Frisco,Indonesia,12/22/2025
1AU2P96XG02,Moises Gipp,Indonesia,3/12/2026
6W90XQ9JW58,Linea Bullen,Syria,2/1/2026
1DJ9UP5DJ32,Lucie Burgan,Indonesia,8/17/2026
7T73WN6XF94,Debra Emsley,Bosnia and Herzegovina,12/12/2025
6H33VE6JQ38,Brear Dunnan,Ukraine,7/7/2026
3F99R58FG34,Viviene Kleinplatz,China,2/18/2026
6QV9JF7KW29,Gladys Ekell,China,11/10/2025
3TY1A14NP08,Dov Fladgate,Russia,1/26/2026
4UU8U90MV66,Kaylyn Kells,Indonesia,3/29/2026
1GW5Q71HT77,Florinda Agass,Sweden,8/3/2026
4JA3RP2HH70,Storm Jinda,Russia,12/11/2025
4UF8J75YE99,Eben Buxsey,Indonesia,2/3/2026
8VJ5R19HY29,Aubrey Poli,Cuba,11/24/2025
9HN1UH8HY92,Mercedes Jonin,Brazil,1/6/2026
4H17NH4UE19,Verile Neesham,China,4/4/2026
3G35DJ4HT87,Mirabel Minghetti,Poland,1/19/2026
3HG9AA6EM14,Ilyssa Roff,China,2/17/2026
2Q54RQ9AG97,Nil Agdahl,Philippines,10/24/2025
4V73EE9DC13,Ricoriki Keuning,China,10/20/2025
3NR2DQ3EW93,Bail Largan,China,5/24/2026
2N28AV3YF47,Robin Neiland,China,4/9/2026
4DR2V03MA76,Michele Vassie,Greece,8/14/2026
1Y37Q27XX03,Wyatan Matfield,New Zealand,1/19/2026
8VX2P55AV66,Debbi Moreinu,Peru,2/14/2026
1WP2WU1CQ22,Dwayne Ohrt,Indonesia,1/28/2026
2TJ9J74NP64,Ebony Dunsford,Mali,12/31/2025
2E25W59YG44,Gage Haldin,Sri Lanka,10/15/2025
3CK5ED6XH34,Christine Pott,China,8/11/2026
4HU9EN4JG74,Cointon Phayre,Ukraine,11/7/2025
3HE0T61YQ41,Kayley Dady,Laos,7/29/2026
7E91RH4QP58,Alexandrina Kopta,United States,1/24/2026
6RW0YW6NH09,Hallsy Volks,Peru,9/3/2026
9GE5WX5KM47,Husein Berggren,China,5/21/2026
2PN8EG1AE62,Zachariah Johncey,Russia,12/21/2025
7QK4YR5HC50,Tabbie Bonfield,China,3/17/2026
2M76C42YX10,Kate Schruyer,Ukraine,6/17/2026
2TM8C34NH55,Alonzo Bithell,United States,8/13/2026
3HN3H02MF09,Nicolina Lendrem,Ghana,12/19/2025
5QX3FT4PV68,Lorettalorna Going,Japan,7/20/2026
7VV3HJ6TP78,Cora Askie,Brazil,8/26/2026
7R17ED8XH78,Brooke Bulcock,Macedonia,11/20/2025
3HR3PA9CG32,Leta Galsworthy,Russia,11/24/2025
1J10J12TW47,Brandyn Colhoun,Israel,2/7/2026
9A67P91UG64,Almeda Cardwell,China,4/26/2026
7WN3AV7KK71,Neille Dwerryhouse,Indonesia,1/20/2026
2HV3JE5XF55,Wilbur Porrett,Czech Republic,7/22/2026
1JA8CH8FY49,Olvan Ambrozewicz,Philippines,8/12/2026
6DV5T99MG23,Brody Stotherfield,Poland,5/13/2026
6YK2V22HH57,Channa Losemann,Japan,11/2/2025
4J91WG4NR54,Celestyna Dawtre,China,6/19/2026
9DA2XN9RT27,Klarrisa Greally,Venezuela,5/21/2026
9GH2H56TE57,Eugine Burnsall,Russia,7/1/2026
2DV8P57RR37,Claudio Rann,Greece,2/6/2026
9AF9JW7MR38,Tiffy Rowan,China,3/28/2026
5JX5GA3YW75,Anna-maria Redwing,Indonesia,3/1/2026
1AA1YH8KE27,Suki Gohn,Indonesia,10/1/2025
2T79DA2QV51,Marci Whistlecroft,Russia,4/21/2026
9UC3DW2DR83,Jennette Di Carli,Brazil,6/26/2026
7E94FK8KC58,Marcelle Mordin,China,5/27/2026
5HD7AN4DP61,Wolfie Forestall,China,9/22/2026
3Y57VM0XW37,Goldie Clemmitt,Canada,2/1/2026
7NV7AF4HH48,Jonie Warmisham,Argentina,5/26/2026
2WU0M63GP70,Fidelio Riccio,Indonesia,3/13/2026
8MA5UY5PK55,Herc Rattrie,France,7/20/2026
7M75YJ3WW40,Diane-marie Winfindine,United States,6/4/2026
8M33F68ED71,Davy MacKibbon,Indonesia,8/19/2026
6QF4DY7NE40,Cosmo Levett,China,10/5/2025
3YT0V60XM43,Breena Nuss,China,1/23/2026
7FR4F90NA89,Ashlen Crielly,Vietnam,5/16/2026
5PD0X05MJ66,Ninon Acres,United States,3/23/2026
3C86C44PT25,Freda Demcik,Syria,5/22/2026
1MH9Q46DP20,Sandi Maharry,Philippines,1/21/2026
5J61YE4UT97,Christan Hannabus,Iran,2/5/2026
4V67DH7QG30,Currey Josefsohn,China,8/10/2026
9PE2P09UW05,Cameron Hickenbottom,Peru,4/17/2026
2TV8M70DJ68,Marietta Abbison,Brazil,3/1/2026
6VA4JU1DF30,Riobard McKinless,Japan,7/22/2026
9JT6XD0DD83,Thibaut Salan,Mayotte,8/5/2026
7UX8WV4XH13,Missie Skett,Peru,3/13/2026
6J93HY6VW64,Alasteir Sollon,Sweden,2/7/2026
8M12QJ6AR42,Drud Kingzett,South Korea,10/19/2025
4VF4MY4QG42,Krystle Brimmell,China,5/25/2026
3XW2U96MR62,Cris Mabbot,Portugal,6/18/2026
9T67MH9JK74,Rorke Delacour,Indonesia,8/6/2026
1FP8W85YD38,Stephannie Brownell,Russia,10/5/2025
1M51M19NC71,Casi Woodwing,China,8/26/2026
6EK1MM6WW34,Hamlen Toffts,Russia,6/22/2026
1DG0AK5EU82,Candice Stiegar,China,10/16/2025
6EA1JA2UJ19,Benedikt Luddy,China,1/29/2026
9AX9X12AG64,Hilary Castanyer,Russia,8/10/2026
8KD6NW0HV12,Tyrus Andreassen,China,5/6/2026
2C24W09FM52,Marie-ann Meachem,China,12/1/2025
2EG0NE6GF10,Silvie Dwire,Czech Republic,11/4/2025
4Q54CT6KA61,Alonso Scolts,China,1/22/2026
6P89U21YC30,Travus Klimushev,Bosnia and Herzegovina,12/25/2025
7E63YC9YA89,Suzann Patzelt,France,3/10/2026
5KM5MU5DD76,Frederich Duffil,Bulgaria,9/15/2026
3NV8ER1DU95,Ambrosi Blackshaw,Philippines,3/6/2026
5C80DA8QG38,Katy Colomb,Malaysia,11/15/2025
3MY2E40DK52,Nealy Edgson,China,6/3/2026
3CG6VQ4FM88,Barney Cowper,France,4/1/2026
6GV2U44CH27,Franklyn Medgwick,Indonesia,10/31/2025
5RV3YD9FK57,Lori Wadlow,Bolivia,8/30/2026
9GW0E61JD24,Tabby Lavington,Russia,4/9/2026
4D37XE2AR58,Corbett Elliston,China,9/10/2026
2KC9FM7WK31,Gayle O'Drought,Japan,4/5/2026
8WH6DR7HC14,Frederica Maggorini,China,7/15/2026
3DV2CJ0GN43,Meagan Symon,China,3/10/2026
4V71AH2FC39,Lannie Mustill,Syria,12/31/2025
2JK8AW3MJ04,Lurline Camock,Japan,5/29/2026
2DG1YP0HJ42,Thia Bortolomei,New Zealand,12/23/2025
2VA8UN8KU65,Ruthi McDaid,Yemen,3/21/2026
8FX5QD1HP42,Yule Rief,Indonesia,12/28/2025
6K77K63NG82,Aurea Blencowe,Brazil,4/16/2026
3ET7Q46VM23,Claudetta Hegerty,Mongolia,9/29/2025
2KH5UX3HE50,Delphinia Beeby,Thailand,10/8/2025
7A91R57VM08,Ellwood Andreou,Philippines,8/28/2026
6E13N47UU89,Fay Dikles,Japan,3/23/2026
7NV6EF8JG56,Karissa Hassett,Ecuador,4/26/2026
7DK2EY7DN11,Doralyn Pierce,Philippines,1/14/2026
7W45TD4YX26,Hubert Corneljes,Jordan,5/8/2026
3QC1KC4JA41,Keven Synan,Sweden,11/27/2025
9EV2VD9MD60,Nannette Klinck,United States,10/22/2025
4G84HD3MY92,Lissy Dahler,Russia,9/22/2026
8Q41U44MP13,Dorelia Couling,Colombia,1/19/2026
4X56FW7MF80,Irv Coetzee,Philippines,5/28/2026
2VQ4U11KR53,Ogdan Goodlife,Ireland,1/13/2026
4CX2W10HC64,Dov Tarbath,Poland,11/2/2025
1XV2N42WA09,Kamillah Crosetti,Peru,8/15/2026
5G24P29CH40,Arnoldo Iddins,Indonesia,9/6/2026
2GT9J25JD44,Sashenka Vlahos,Indonesia,10/11/2025
3Y79U53PR55,Dore Wyon,Portugal,7/29/2026
4R35XY7HQ20,Lyn Hunte,Argentina,9/26/2025
7KY4Y71KA38,Theresina Rembrandt,China,4/19/2026
2XN4M92XV61,Wendall Piddington,Morocco,5/2/2026
5MQ3TH7FK07,Georgetta Coggin,Indonesia,5/20/2026
2NF7JF0MR04,Katie Halbeard,Haiti,4/16/2026
4WP9JY5RP24,Cherri Bury,Philippines,5/14/2026
1JR6QN1VU84,Atlante Beed,Mexico,3/11/2026
9RF4MC4UK94,Maia Tesoe,Czech Republic,4/20/2026
4VE0CD1MU32,Gwyneth Hassall,Portugal,8/20/2026
4PE1H42VG44,Tamra Troucher,Thailand,4/11/2026
3KG8F76TH37,Roseanne Shawcroft,Nigeria,11/30/2025
4RR8YH5TP74,Myrtie Warner,Cuba,11/3/2025
3ET9V43QQ06,Penrod Snalum,Philippines,5/18/2026
2YQ2T28XN43,Bridie Gorick,Poland,3/31/2026
5YX8DM1QN16,Helen Beetlestone,Czech Republic,9/26/2025
5MJ8R79RT38,Merell Gherardesci,China,4/11/2026
5PM9KV8ED39,Vin Pratt,Brazil,3/18/2026
8PA3C37QD22,Lyle McEachern,Nigeria,7/20/2026
3RJ8D50TM00,Oswald Wink,Reunion,7/12/2026
5T98GC1GR82,Ashli Savaage,Morocco,6/24/2026
9EY1N75XG97,Aime Coronas,Brazil,8/9/2026
1Y52UA0MN27,Kaspar Dumini,Pakistan,9/1/2026
9MP4WU7XP91,Germain Andrejs,Bosnia and Herzegovina,7/29/2026
4XK4WQ4JV45,Kally Boerder,China,10/22/2025
2A70KE9TY78,Catie Buncom,Brazil,2/8/2026
4PG5JP0DC73,Dinnie Leftridge,China,2/15/2026
1KW7CJ1DA29,Lavina Pattie,Colombia,3/26/2026
4UE2QY8NJ70,Guillemette Templeton,Indonesia,3/26/2026
2CQ5W83HU46,Glen Burtonwood,Liechtenstein,8/14/2026
4HM2DU1AK94,Ulick McLarens,China,12/20/2025
2XW9WE4CE87,Charo Newland,Indonesia,4/30/2026
6RW7J10VQ21,Odette Dohmann,Argentina,8/4/2026
6TY5H13HX46,Tate Valentin,France,7/30/2026
5AQ8QP9UE28,Terza Lorente,Czech Republic,12/22/2025
4W06GG8XX70,Jenny Elkin,Brazil,11/12/2025
6P63W75HR24,Marijo Maccaddie,United States,3/5/2026
5UU7WQ4EF17,Christin Saw,China,7/19/2026
5WG1A06NH63,Darwin Axcel,South Africa,3/18/2026
7PA3WT5UW41,Laird McIlwrath,China,7/27/2026
1ME5KR7YN67,Jeana Jacob,Yemen,8/27/2026
7KK3EN1MX15,Dawn De Nisco,Germany,3/8/2026
3UD1GG7UX71,Brewer Matyas,China,9/14/2026
2GE4AW4QC02,Burke Battell,Sierra Leone,3/14/2026
7YG0TH0MQ14,Marigold Legh,Ukraine,9/8/2026
7CD6WP2HP24,Bonnee Janous,United States,2/14/2026
7H86J65DY50,Arielle Macguire,Comoros,11/7/2025
4Y10QH9GJ31,Torr Ralls,Portugal,10/24/2025
9KV7RQ2XF92,Beaufort Halm,Czech Republic,2/20/2026
1FW4KN0FW33,Giff Beauman,Russia,7/14/2026
7G33KN4KF60,Evvy Placide,Poland,6/25/2026
8TU0PC1YJ39,Gertrud Aikman,Russia,9/8/2026
6WX0K51QH18,Brocky Ganny,China,2/9/2026
3VG9TX5UW36,Louella Ollerearnshaw,Bahamas,2/27/2026
3GN2UD4EV40,Noami Hourihane,Russia,7/7/2026
8JQ2CW7GA93,Yancey Cliburn,China,4/20/2026
8NP3X82TT03,Alexina Dewis,Paraguay,10/29/2025
8CU0TP4AX70,Annalee Stollberger,Brazil,11/22/2025
2XF4K44GQ11,Mel Du Barry,China,7/26/2026
4UY5FN5WM42,Kathryn Bretland,Philippines,8/29/2026
3T37HX5FU32,Sigismond Cromleholme,Libya,4/29/2026
9TY4AQ5XG13,Laurence Kikke,Portugal,3/11/2026
3DU8KQ6FK94,Yvonne Levane,Indonesia,8/17/2026
1QD5M51XM67,Darryl Ivanilov,Philippines,3/14/2026
6NY0DX9DV73,Webster Dumbelton,Ukraine,3/5/2026
2KV0UT8UH92,Hephzibah Unger,Peru,1/14/2026
9R49GR0CA76,Blake Bonnaire,China,9/3/2026
9QH3VG9PM64,Charis Cardoe,China,5/16/2026
6NG0DU4YT98,Jerri Spykings,Indonesia,6/20/2026
2HF8RX8KX19,Florence Gehrels,Indonesia,4/8/2026
1XM3RY1DV26,Marne Salter,Colombia,6/13/2026
6D87KC0VC96,Sarena Brookes,Indonesia,1/19/2026
8VU9F50WY20,Ryon Carlow,Sweden,4/24/2026
3N58KQ4KE56,Susy Machin,Philippines,5/7/2026
5PP7X43NK32,Ernie Carbonell,Portugal,8/16/2026
7VE4MF3DP06,Meier Aseef,Ukraine,2/19/2026
7X79UK3MK58,Myriam Roach,China,9/12/2026
4R04QR5JD22,Shandeigh Ducker,Benin,12/9/2025
4TV5KQ0GY59,Shaine Lohden,Sweden,10/17/2025
5XP9JN6JM04,Helaina Virgin,Mexico,1/19/2026
4N08T54WC22,Margarete Willas,China,2/12/2026
9UV7V06PT92,Konrad Romayne,Brazil,8/15/2026
4QY3YV6AA75,Eugene Kissock,Netherlands,8/22/2026
3FE6MW2AD46,Stevana Tainton,Philippines,7/18/2026
6HY6X34QV80,Sibella Whenman,Yemen,11/18/2025
1VE4H18XR73,Ianthe Earley,Philippines,6/16/2026
3H20EY6XN08,Poul Cooch,Argentina,8/26/2026
2GP3H20UE11,Richmond Boyack,China,2/11/2026
4HX1WF3GH98,Cindi Braune,Poland,4/24/2026
7EU1TF7DY62,Shawn Yegorchenkov,Philippines,7/26/2026
2MU3NW8ED51,Nathalie Deelay,Portugal,7/23/2026
7F22D18VE23,Candra Brazier,Philippines,11/18/2025
4WR2UV0AR11,Moira Marusyak,Ukraine,2/25/2026
6E65C62TU93,Jayson Yerrill,China,4/24/2026
5H83WU9GK11,Corney Churm,Sudan,8/19/2026
6GQ3K98HK81,Leopold Zemler,Morocco,10/12/2025
2GG4WK3QJ98,Concordia Morillas,Portugal,5/21/2026
9YR7DX2PW97,Dorian Guillotin,Indonesia,10/18/2025
5AK3VG4TN32,Francis Scamerden,Thailand,5/4/2026
9P93Y36WA85,Lebbie Rollings,Indonesia,6/18/2026
1A33Q23CX29,Ginevra Tackley,Indonesia,12/27/2025
7AR6CX3GY97,Kati Tout,United States,12/18/2025
4RK9VV0HN20,Koenraad Traviss,France,7/7/2026
3DT6RC6VV57,Sibbie Kepling,Iran,5/29/2026
3AD6XE6QC03,Tedd Carlino,Indonesia,7/26/2026
3VM2X78RJ59,Silvana Kettell,France,6/3/2026
3U73EK9NE91,Beckie Berwick,Finland,4/2/2026
1R94TD9UN43,Cordy Munby,Costa Rica,3/18/2026
6YW2KP0XF92,Aarika Arnaut,Argentina,7/12/2026
4DH0C31NJ70,Hermann Merit,China,6/18/2026
8Y78A10DG03,Desdemona Hacksby,Ukraine,11/8/2025
3PH7UW6MT92,Noni Spurrior,France,8/26/2026
1JQ4Q92VH85,Kaitlyn Westhead,Indonesia,10/14/2025
8R10UU5UR60,Lev Corwin,Japan,8/6/2026
6PQ0NJ4YH77,Karola de Leon,Poland,9/9/2026
8XG9FP1FG90,Aura Freestone,New Zealand,4/22/2026
3G79EP4YD02,Rudie Serjeantson,Indonesia,6/22/2026
6V48XM8QQ53,Guillermo Cowpertwait,Portugal,6/26/2026
1PK8T15PE59,Dexter Jzhakov,South Africa,2/21/2026
7N66JR0QE71,Durant Matias,Indonesia,10/8/2025
3MP4VM5JY82,Ailina Faldo,Philippines,11/26/2025
6VD2AQ3YX42,Halley Tripcony,China,1/28/2026
7JT7X77UF36,Gibbie McFadden,China,12/10/2025
2F82TH7PW90,Anderson Fridd,Indonesia,3/19/2026
3RR1YE7HQ89,Tish Curman,Malaysia,2/6/2026
9AF6E00MQ83,Dolores Dyshart,Thailand,5/27/2026
1YM6NG1TQ75,Tabbatha O' Shea,Mexico,6/23/2026
7DV1E62DD56,Delmar Gimeno,Czech Republic,11/12/2025
5JD7NW1AN54,Drake Shirer,Russia,1/11/2026
3EW0X73EM50,Renaud Manifould,Poland,11/22/2025
6WU0EY1KT04,Dinny Sillick,Portugal,4/21/2026
6A41J54RN97,Ruben Mannion,Madagascar,3/31/2026
8UE1A12DM20,Whit Baldoni,Nigeria,6/7/2026
7QM3JD6DR82,Shandra Waghorn,United States,9/24/2026
5UQ6F31UF15,Annissa Choake,Portugal,12/22/2025
5FK8EV1GY70,Abigale Ferrea,Malaysia,2/1/2026
4Q42FW3JE73,Chadwick Keyson,Russia,2/11/2026
3XU5MX5QH62,Stirling Caslin,Canada,12/13/2025
2E69DF2RD85,Conny Halwood,Sweden,4/24/2026
9ND8P68NX57,Danna Vasyunichev,Portugal,11/18/2025
1EX3EC7EU19,Lemmie Spiers,Moldova,4/27/2026
2AG6HA3JN42,Orelia Karchewski,Indonesia,9/25/2025
4E74WE4HW36,Nikita Darthe,Philippines,1/6/2026
3GJ4HE8CJ24,Benedicta McDougal,China,6/2/2026
8HM4H76RW90,Lindsay Leathard,Poland,3/21/2026
6XU3J93DW29,Keenan Woollin,Sweden,8/5/2026
7T01XC6PM07,Blinni Rollason,Ireland,12/24/2025
3U42X00YM36,Mahmud Jarmyn,China,10/17/2025
1YG3CK6PJ73,Olag Moncrefe,China,2/4/2026
7VK6EM4TK19,Henka Saladin,Peru,5/8/2026
5YG0FX1PV90,Reese Cucuzza,China,6/24/2026
3VQ9TN5GC80,Lorie Dibsdale,China,6/19/2026
5KM1V97WF91,Celeste Fensome,Bulgaria,9/6/2026
6HT7EU4YG53,Martynne Apedaile,Russia,1/4/2026
7N32RY1YT77,Lester Jentgens,China,8/7/2026
8PW0D46FJ98,Harman Dilks,China,8/14/2026
6UM3UG7WE10,Courtney Derington,Sweden,1/3/2026
9PA6F15XY78,Tybalt Reiglar,Bahrain,2/23/2026
4A67NA5KW62,Chickie Jaskowicz,Russia,3/31/2026
8P28X63DD39,Ray Brooker,Japan,4/18/2026
1JD4YP9MF79,Gerek Pressman,Indonesia,2/16/2026
9R81R02XH38,Gertrude Friend,France,4/14/2026
3P03CD1YK28,Gwenette Gomes,Brazil,8/17/2026
8YW8XG0RM70,Karilynn Nisard,Argentina,12/1/2025
3ET1DA5QC52,Correy Pruvost,Philippines,10/4/2025
9CD4VF8XA30,Jessy McKenna,Honduras,6/28/2026
7J91XC6PV78,Wilmar Alvarado,Jordan,3/7/2026
3XK2KE6RD04,Jules Ferrarini,Portugal,1/28/2026
2QV1M07FJ04,Sheelagh Muat,Indonesia,4/11/2026
6TW8TH2EP58,Sheeree Ninnoli,Indonesia,5/24/2026
3C70RT8JF06,Carlo Morant,Costa Rica,5/1/2026
4AM0V82HY85,Louella Beharrell,Colombia,8/7/2026
2H53HP6EX98,Amble Clubley,Palestinian Territory,7/16/2026
8YA1MM5MV06,Lynna Philo,China,7/31/2026
5U39AR0NE77,Webster Dungate,China,9/8/2026
3TQ0V31MU86,Ardath Pull,Brazil,10/19/2025
2YY9YP2UD88,Torrey Males,China,7/8/2026
9MW1NF5NY56,Worden Durward,Czech Republic,3/9/2026
7JM0UK2UG97,Lincoln Tague,Spain,8/24/2026
8UA5XH5FN70,Aloin Guilaem,China,1/5/2026
7GU4G40XU83,Enriqueta Gilders,Peru,5/12/2026
6TR9AQ5TC20,Sarena Grogono,Sierra Leone,4/5/2026
7NU3PT0GR21,Vanya Renzo,Russia,2/24/2026
3M47TF5FA73,Millard Vondra,Brazil,10/5/2025
2DT1RV3MV05,Gillan Cockshut,Indonesia,8/10/2026
7WA3CG3YC02,Lin Tejero,Madagascar,3/10/2026
3EM9NR8NQ80,Garfield Stilly,China,9/28/2025
2R89J01YC79,Edsel Powney,Russia,3/29/2026
1AY6EW3MD81,Keefe Minihan,Greece,11/14/2025
1JE1GV5PE21,Devlen Guesford,Serbia,5/19/2026
3D55W20PF73,Annelise Eudall,China,7/10/2026
3XK1MX2KJ16,Ceil Fearney,France,1/13/2026
2WA9E43DP15,Toddy Botcherby,Israel,7/14/2026
7PP0J79GW40,Desiree Byrth,China,3/15/2026
2JC2CY0AG62,Rodd Pigram,Thailand,10/25/2025
8T70UG9AA89,Kristofer Madgin,South Africa,5/30/2026
2CK2N97TP02,Netta Dandie,Czech Republic,2/1/2026
8AN5R74RN55,Aurlie Benedite,Philippines,6/3/2026
2X94D22CG00,Noah Kinavan,Indonesia,4/8/2026
7MP8M37AC44,Gray Stealey,China,6/5/2026
7MK7X87YU36,Ruttger Millhill,France,3/27/2026
9MD5M83DW86,Desmund Creak,Russia,3/8/2026
1WT6M42AK80,Shannon Giovani,China,4/18/2026
5KF0HJ0ND71,Bealle Mulbery,Greece,12/5/2025
7EN0H23HA07,Vanda Palle,Pakistan,9/6/2026
8DE7K62PV34,Ayn Wathen,Poland,2/6/2026
1YT3HR2CT48,Weider Abbotson,Czech Republic,9/10/2026
6WN4TN7EF29,Maud Hainey,Nigeria,4/6/2026
8J73P98DP72,Yvette O'Shields,China,4/25/2026
5YR3WJ2UY14,Devora Philson,Indonesia,6/14/2026
3RG2GU7GC14,Humphrey Koschke,Taiwan,7/26/2026
2GT0YQ4MC30,Justin Flindall,Norway,7/31/2026
6WW6KY7JF53,Adlai Mussilli,Mongolia,2/22/2026
4YU2R36EH69,Dacie Hrinchishin,Brazil,3/16/2026
5AH2Y86JR75,Geralda Keedy,Argentina,9/23/2026
1N76T06CV38,Juliet Kopacek,China,9/25/2025
4UX7HT8AC04,Vergil Ogg,Indonesia,4/2/2026
8EM7V14CT08,Dorelia Dalglish,China,7/10/2026
4MU9WU7JW25,Gib Joannet,Poland,5/15/2026
6CT2RE4YF95,Estell Franschini,Ethiopia,12/22/2025
4GM8CW7KR43,Gregory Crambie,China,10/5/2025
5D56KJ8PG83,Fernandina Byneth,China,2/28/2026
4FW7HV7QN45,Fremont Rennebeck,Italy,6/16/2026
4CJ5WE9PE24,Garek Semaine,China,6/8/2026
1VA8R98CU58,Morris McGow,Indonesia,6/12/2026
2YW6JV1FT09,Brion Dargue,China,6/21/2026
2V36GN6HE12,Vikki Killick,Palestinian Territory,5/11/2026
3N31W65WA81,Denyse Simonini,China,5/28/2026
8C49VG1GE74,Dud Howett,China,4/18/2026
9PU8W85WV13,Vaughn Boydle,China,9/20/2026
9TU5DM2XG58,Carleen Eyrl,United States,9/26/2025
5UG5AR8TJ29,Bernette McVie,Russia,4/13/2026
8CK5RJ1GQ52,Aurelie De Francesco,Philippines,11/29/2025
2WN8EK6TM91,Tracey Officer,Ethiopia,1/14/2026
1NW1P00YD82,Chrysa MacGillacolm,Colombia,6/22/2026
2HE5E11CQ20,Rahel Outright,Cuba,10/24/2025
8KN5D03EY18,Tommy Coils,Lebanon,11/14/2025
5MX5XT8CN17,Ange Trowsdall,Guatemala,7/27/2026
4U14WJ3QH10,Alyssa Kimbell,Kenya,1/15/2026
8KG6HK7DE54,Liesa Wadie,China,10/13/2025
3E90YE6VY84,Althea Coleson,China,6/6/2026
5JE5N03DU46,Winnie Dougher,China,2/3/2026
4N05YK8CC99,Rollin Dun,Tajikistan,3/27/2026
4JM0YU3XH55,Carlina Andriulis,Indonesia,5/12/2026
7GU4CY2CJ17,Tirrell Josling,China,11/25/2025
8J34XY2FP96,Margalo Bougen,Russia,10/4/2025
4XT4G63UG25,Hermina D'Hooge,China,6/5/2026
5H50JP2WU30,Tansy Thormwell,Austria,8/6/2026
5CQ9JN5XJ05,Lou Downgate,China,1/18/2026
8NN9H61TJ12,Gayel Roggieri,Russia,7/29/2026
7X33MH1YE51,Sutherlan Crookston,China,6/20/2026
5DM0UV1KR76,Theodosia Twells,Portugal,9/9/2026
3P02JD5PC85,Valentina O'Cannon,Philippines,2/24/2026
9EU0WD5RG32,Stormie Buttrey,Portugal,3/22/2026
9K63WR1NP00,Ranee Dwelly,China,5/9/2026
7CN1G15AJ22,Enid Doul,Syria,11/2/2025
5U68P63RF33,Brig Sjostrom,Pakistan,4/1/2026
8A16EX7YA48,Emlyn Stitt,North Korea,6/14/2026
4A48A22DE81,Georgetta Fergyson,Argentina,10/9/2025
6J60C58YY04,Aurore Foulds,Indonesia,5/1/2026
1EW5FU8DN28,Daniele Hanbridge,Indonesia,4/11/2026
4RN2WV0DG18,Emmott MacAndreis,Sweden,6/19/2026
5WU4U76HE07,Stanwood Rowbotham,Guatemala,11/5/2025
8XT6XT3JY94,Fernando Pheasant,Brazil,11/15/2025
6D22N82RM40,Maxine Fulle,France,10/14/2025
7G95YV3DT98,Zeb Wayt,Indonesia,9/20/2026
1E50R19TJ10,Floris Dummigan,Kosovo,5/21/2026
9F23V51VF81,Martita Darter,China,3/12/2026
8DC9G16EK29,Joseito Sheldrick,Russia,2/10/2026
8XX6TQ3WK57,Loella Mariolle,China,8/11/2026
3JH7Q68RD88,Amata Bullough,Kazakhstan,10/22/2025
8QW9U25AP14,Raye Heinke,China,5/20/2026
9Y44H50HR64,Sunshine Cratchley,Sweden,3/20/2026
7T81N29TU75,Elene Goodlake,Czech Republic,2/16/2026
6R42KW2FJ44,Berta Fresson,Brazil,8/7/2026
5M85FA5NQ74,Shamus Ravenscroft,China,9/6/2026
2TU1X19JR26,Karen Bampton,China,7/12/2026
8VW7T68RJ13,Rozella Millbank,Peru,10/25/2025
7TA0JT2VX07,Adolphus Axcell,Poland,1/21/2026
8VH3H69FC53,Torrey Menlove,Indonesia,3/18/2026
7GU2GU8KC78,Clarine Crompton,Russia,1/9/2026
5NU5VW1AC42,Arin Becerro,Bulgaria,5/20/2026
1P46C47NE73,Matias Isakov,Georgia,7/14/2026
2FU5E18CQ77,Danica Jikovsky,Philippines,2/12/2026
1GP3XN0VG29,Elmira Fiorentino,Philippines,3/18/2026
4EU7A89FH43,Michele Kellett,Portugal,7/2/2026
4G91X58EU12,Richardo Walkingshaw,Thailand,8/27/2026
2QA3PH3XV68,Nigel Orknay,China,7/4/2026
3U89TG8XP87,Wald Cogswell,Yemen,6/5/2026
1Y44CR3HT18,Gerome Campey,China,12/21/2025
3TA9EP1XC49,Binky Dring,United States,9/13/2026
7F65MN5FU45,Maiga Redgrave,Canada,12/27/2025
4AW3Q15YT73,Nikki Lorden,Tanzania,7/31/2026
8JX9FW0PG31,Bryanty Picford,China,2/24/2026
5KP8AA1DJ57,Teodorico Morillas,Argentina,3/9/2026
5MD7FV2WA78,Nollie Danielli,Russia,4/4/2026
1F00C17JE68,Paula Simonich,Panama,11/30/2025
1VR9PP7RM11,Filide Resun,Portugal,6/4/2026
5Q14X00QM75,Ferd Enston,Ukraine,10/2/2025
2KQ9W27GJ11,Rosco Liepina,Poland,7/28/2026
1MD6H55PM34,Ginevra Miner,Philippines,1/12/2026
9C59YD7MF46,Sunshine Inskipp,Egypt,4/15/2026
4E54CQ7YF57,Gretchen Kelf,China,4/6/2026
1GV3XK1EK16,Jobey Roze,Brazil,11/19/2025
7V37PW2NV66,Mela Raynor,Iraq,1/14/2026
5YJ2UU8RK74,Shane Strognell,Indonesia,3/21/2026
8TU6CM0HU81,Tynan Brilon,Russia,1/31/2026
3X57D00EE50,Kip Beloe,China,11/18/2025
8XD7W18RR39,Ellynn Elias,China,5/9/2026
8JK2DC7UW24,Chris Dermot,Russia,1/15/2026
5JJ6H34PT84,Essy Isac,Nicaragua,12/22/2025
6VX6W43XH53,Douglas Soames,China,5/5/2026
4PM2DH1FC24,Lorine Worthington,Guatemala,4/5/2026
1W23Q38UH03,Dicky Bonney,Indonesia,7/3/2026
1KD2HG1MM27,Daisi Whitelock,Colombia,1/18/2026
8TJ0DK2NN53,Farris Cure,Portugal,9/14/2026
1RG6NA3RC16,Theressa Burnes,China,5/13/2026
1YQ5KC8DX17,Barbaraanne Good,Brazil,11/6/2025
2NM9TY2CG46,Jolyn Wivell,Indonesia,8/16/2026
4PR8AT3WD22,Myrlene Barnewell,Philippines,10/17/2025
1X61GV9PU44,Les Stolz,China,4/4/2026
4KT0AA2TH03,Ebonee Richter,Indonesia,2/23/2026
7VU6QM2RR84,Boyce Burlay,Canada,1/5/2026
2J05HA8DD85,Jeane Sabbin,Thailand,11/12/2025
5Y26DP3NC07,Devin Gerbel,Philippines,8/3/2026
8E73MT0VG93,Kile Jorin,Malaysia,4/10/2026
4UM9X47TT73,Philippine Storey,Greece,3/16/2026
4ER2A01GR90,Winne Sadd,Russia,9/1/2026
5GP4VK3ER60,Tiffany Twede,Sweden,12/2/2025
7R49PK1YJ04,Vernen Lugg,Chad,7/1/2026
4UV3HD8XT29,Clare Crumley,Poland,1/11/2026
6NW5UN2DW41,Boris Bickerstaff,Brazil,11/20/2025
9FK0P07AG90,Ari Peddar,Indonesia,12/15/2025
7NC4KE1UQ99,Bunnie Milleton,Russia,11/21/2025
4C91E03XA23,Finn Hearns,China,6/10/2026
8U69HA0TN65,Dulcia Locket,Colombia,9/28/2025
8VW4WT7QF25,Jacquelin Gierek,Tanzania,9/26/2025
9P47Q00CT71,Sybille McRannell,Philippines,5/18/2026
1QM8TY6QJ31,Nicolas Gehricke,Russia,10/6/2025
2V92DN2DV15,Rosanna Bourke,Poland,10/8/2025
3A94R43RV84,Luelle Mulqueen,Ukraine,11/17/2025
1PG0C20EU84,Georgeanne Landrick,Japan,6/13/2026
9PY8T97CC55,Kirby Heathfield,China,8/21/2026
9UC3WY8YD13,Keary Lambarton,Iran,4/9/2026
5RY5PK1WX90,Bernard Dany,United States,7/2/2026
6KW9J88CT07,Van Gartenfeld,China,12/6/2025
7RF1UX3FT63,Oliver Di Lucia,Philippines,9/18/2026
6NF6DR9JX16,Orville Wincom,China,1/2/2026
6JN5MA7AH94,Tomi Bushaway,Bhutan,9/11/2026
6W90FQ3WP32,Elisa Goford,Indonesia,8/13/2026
1T12T41CH17,Rosemarie Colbourn,United States,4/8/2026
1JH6QQ3KA73,Inglebert Trunchion,Lithuania,8/20/2026
8J86ET0HQ40,Alys Crocombe,China,3/5/2026
8JE7H34EK25,Shaylah Hrinchenko,Brazil,4/9/2026
8H42VK8WQ28,Crosby Orrill,China,11/14/2025
2AV4J68WT10,Denys Clerke,China,6/20/2026
6PT1VN1XG56,Delmor Wallington,Indonesia,4/3/2026
7PU0AK9MH87,Clifford Goodin,Peru,1/17/2026
2JE5T53YQ26,Antoni Zorzenoni,Peru,12/14/2025
1W45KC0AQ62,Seward Bohea,Ukraine,1/22/2026
8G90GN6JX15,Leona Rojahn,Belarus,11/5/2025
3M31QU4YJ65,Rafaelia McKeeman,Argentina,11/26/2025
7JP7P74GQ03,Dexter Denisovich,China,4/5/2026
1N91RT7EJ50,Virgina Leeman,Russia,8/1/2026
8GD9A01QP17,Stevena Schule,Indonesia,9/9/2026
9F40K82KG53,Andrey O' Mahony,Indonesia,9/7/2026
3DT2NJ4RU39,Gertrude Pleven,Denmark,4/8/2026
1TY1G64YV88,Jessamine Worsham,New Zealand,6/24/2026
8AG4RE4QF24,Rea Sieve,Tajikistan,10/21/2025
7F32EP9QH79,Donnajean Handford,Mexico,1/4/2026
9J84PR0FP95,Franchot Woodison,Belarus,4/11/2026
6T44QA3JC10,Cyndi Padginton,Indonesia,12/1/2025
1J22J29HJ79,Francoise Rillstone,France,12/18/2025
2P77HG7XH16,Abigael Merrifield,Russia,3/5/2026
7GN5AE6NT52,Dukie Litster,United States,3/16/2026
1R79Y85NX61,Janeen Toombs,Indonesia,11/1/2025
3WU5CU5KM06,Corabella Gritskov,Indonesia,9/20/2026
9GN6YR5KD05,Neysa Derr,Brazil,12/17/2025
9E32W68VG83,Richie Guion,Palestinian Territory,5/25/2026
1M10PM1PV64,Patience Valek,Macedonia,3/17/2026
9WD2VP9QV94,Dino Scotchmer,Brazil,12/3/2025
7YC9PP0PU91,Dave Tindley,Peru,10/30/2025
1RU5DX2WV39,Howey Driscoll,China,9/22/2026
6Q47FN9HK99,Penny Kaplin,Ukraine,3/5/2026
2VM9JK4RN47,Meris Fowlestone,Indonesia,1/18/2026
6E40F04EA38,Phillida Dufore,Pakistan,8/26/2026
8AP7VV0RC02,Nicolas Meni,Serbia,12/25/2025
5KX6TE4EF09,Netty Speak,Norway,4/12/2026
3QQ4C17UR90,Horton Pietruszka,Russia,5/31/2026
4PD9NQ4UM66,Dixie Glavis,Dominican Republic,9/17/2026
5V69AH8JQ55,Isa Esmond,Serbia,12/21/2025
6A89E19CX14,Justinn Sandwich,Western Sahara,8/25/2026
2GN8CU8JH03,Ebony Peret,Indonesia,10/16/2025
8X21QA4KT46,Baldwin Spiers,China,1/2/2026
2G28HX3QA38,Celestine Filipponi,Russia,3/11/2026
1ME2P78CE98,Nedda Jacquot,Pakistan,7/18/2026
3NP4QT3PJ88,Brock Keslake,Sweden,4/8/2026
3QW9AQ8GC20,Ayn Budik,Indonesia,8/14/2026
4FR6DK0PU03,Pamela Sigg,China,10/19/2025
4VE5A42HN93,Eddie Screech,Panama,3/2/2026
3HD4PR7TN74,Addie Waymont,Gambia,1/14/2026
4Y37EA9XU64,Rakel Tidball,Russia,11/16/2025
6X51WE6MY41,Regan Kittman,Brazil,7/13/2026
1DW3T39XX60,Dave Weblin,Russia,6/10/2026
8WG4EA2YF56,Lilias Kibel,China,7/26/2026
9DF1J24QD83,Granville Iohananof,Poland,8/25/2026
9WR2F96JY26,Nariko Spino,Mexico,10/12/2025
8K27J08QC35,Harcourt Kahen,Malaysia,8/12/2026
2EN1N47CW28,Parker Vankin,Thailand,4/26/2026
1M16FM9EV74,Jordon Rawcliffe,Thailand,4/15/2026
9HT8ND8YH60,Christiana Farr,Greece,9/18/2026
3GF0HR4QV92,Jervis Stuehmeyer,China,10/7/2025
8CT4FK2GP45,Olvan Fowlds,Indonesia,10/10/2025
1Q57DX2TG10,Dur Readings,Syria,1/4/2026
9CX9K92CG15,Gael Simone,Russia,8/16/2026
9F15XF2FK19,Glynis Semeniuk,Panama,8/6/2026
5MC7CM7QM80,Hertha Mara,Serbia,10/10/2025
4EC8FA6VU35,Kizzie Sam,Indonesia,8/11/2026
7H98XT2JV15,Cherrita Hymers,Russia,8/18/2026
8TV3JE2AV57,Ignaz Bowker,Albania,10/25/2025
9PF8YN9CD21,Vivi Benthall,Samoa,1/27/2026
2QC3H86RX62,Karee Phebey,Thailand,9/25/2025
8UW0W60NN73,Perry Persich,China,1/24/2026
1UP6P80HK94,Levi Rikard,Russia,4/22/2026
2JN7RM9EP10,Tiphany Baty,Brazil,4/26/2026
2MA4WU2RV41,Dennie Tribble,China,5/28/2026
6JT3ND1MH52,Nappie Juza,Croatia,7/15/2026
2YA1GK9JG80,Anneliese Mathon,Brazil,8/4/2026
3WT5KV0MF68,Janina Crossgrove,Ukraine,1/5/2026
1WW5QV1QY00,Yetty Levin,Thailand,11/25/2025
8G29CY5QE06,Paolina MacCheyne,Portugal,8/30/2026
7QH4VE2HT15,Elyn O'Dooghaine,Indonesia,4/24/2026
8G86PG7WV26,Minni Kepling,China,8/24/2026
7KE2X70MF84,Livvie Peterken,China,6/4/2026
3TP6MJ6UT75,Myrlene Womersley,Nigeria,12/27/2025
8PP7QG2RU22,Darla McCombe,Brazil,5/1/2026
8MQ6T53KY10,Blythe Winterborne,Tunisia,5/12/2026
8P99TH7TC52,Lance Luety,China,11/1/2025
8UR6XT9QC41,Ava Allmann,Netherlands,9/3/2026
8UA5KW2EG14,Krystalle Hellings,Indonesia,11/18/2025
7K45Q91FE84,Kristofor Ricardin,Poland,3/26/2026
5UK2HM7JQ52,Boris Defries,Philippines,2/25/2026
7P83HA8DA01,Roda Kenforth,Peru,5/20/2026
7D87TA8UF28,Giorgi Standbridge,China,8/7/2026
9MF0R30PN03,Marie Whiley,China,10/23/2025
