order_id,customer_id,product_id,order_date,quantity
274970843,1WT6M42AK80,7896352869,5/27/2026,72
064000101,3J31DE0ER07,3955444279,2/15/2026,1
067092022,8NP3X82TT03,0810226375,11/15/2025,5
071913731,6MD8F30WX07,2765502226,1/3/2026,64
292970825,7MG7V42JD52,6576478763,9/7/2026,88
081205455,2HV3JE5XF55,5723954407,7/28/2026,41
101904911,3HN3H02MF09,3106680008,1/8/2026,79
055000110,3G15NV3AX99,9227483276,3/22/2026,64
123206545,8V79TQ2TR88,6139172314,6/15/2026,54
053112204,5YX8DM1QN16,6766439165,9/26/2025,25
121142779,1PQ8NF4YQ98,8569432704,7/22/2026,19
123202125,6M59EQ9TK06,0560274092,7/22/2026,19
107001818,6Q48FP3WK77,4775197797,5/3/2026,4
211170169,5T12CJ0RW31,8620133616,12/6/2025,80
061120291,4PJ0R61ME93,4559731047,7/10/2026,51
102101645,6T44QA3JC10,1126316482,6/19/2026,52
061119493,2UG0NC1GF01,2499919760,6/25/2026,70
123305378,3CK5ED6XH34,7568786749,8/19/2026,9
111924473,2JN7RM9EP10,0241640814,9/9/2026,93
322281439,4V24V61NG43,0662657365,4/27/2026,100
042309222,7VT2X96VT69,2822645000,2/2/2026,70
122038442,7R17ED8XH78,4752130904,11/26/2025,27
102301513,7F22D18VE23,9753531745,12/14/2025,33
066007681,2HF9ME5XU35,6003926384,5/16/2026,99
091000022,6WW6KY7JF53,0560274092,5/1/2026,21
075906061,5N00Q81ME65,0748186972,3/31/2026,64
102100772,5T12CJ0RW31,4230987641,12/14/2025,5
075912819,8H26JP5YA37,9312513109,1/5/2026,28
083902811,8VX2P55AV66,3348840805,7/23/2026,50
103101589,1PQ8NF4YQ98,4884604814,7/24/2026,10
065502608,7JP7P74GQ03,2365301606,8/19/2026,38
107002532,5V80QP1EA89,6708417138,4/26/2026,5
042000398,9TY4AQ5XG13,0071786503,7/18/2026,40
026014193,1KD2HG1MM27,2538737141,4/11/2026,16
211870977,9K91DR5EV73,7661960893,4/20/2026,65
113119396,3FE6MW2AD46,4831118435,8/22/2026,58
061211647,6T44QA3JC10,3745693280,1/9/2026,96
061103292,7Q60AF1VG17,0068486405,10/16/2025,7
072413175,5MX7ND4NR27,6437266473,5/5/2026,30
082903497,8HM4H76RW90,4937238965,8/16/2026,67
053102816,8P99TH7TC52,5202056419,11/9/2025,98
111001105,4W06GG8XX70,6139172314,5/17/2026,92
031304720,3M47TF5FA73,0071786503,10/24/2025,69
051403915,8X21QA4KT46,5539956729,2/28/2026,46
071925224,6D87KC0VC96,3873540355,1/25/2026,9
053111810,4GM8CW7KR43,6139172314,3/14/2026,68
082901813,8M46C71QC42,6139172314,3/28/2026,89
083901773,3XK2KE6RD04,0623720620,1/31/2026,47
111914302,4R04QR5JD22,1782979344,1/19/2026,42
122242924,5P51K17AK63,4311540817,12/23/2025,87
122402175,5J61YE4UT97,3714312692,2/26/2026,46
056009110,2E25W59YG44,7036604336,1/20/2026,9
211370448,8D84MV6MN33,2146297735,4/22/2026,56
113122804,8GD9A01QP17,7170521067,9/11/2026,89
053102463,7G82Y83KF00,5472077354,9/11/2026,44
226072647,6H19Y67CH00,2642027120,8/19/2026,100
051900395,1QM8TY6QJ31,9312513109,10/17/2025,63
091400525,5YX8DM1QN16,6139172314,2/27/2026,89
113117440,9PF8YN9CD21,8232700890,7/8/2026,74
065400755,4A48A22DE81,4044140332,12/12/2025,55
083905326,5P51K17AK63,6139172314,11/15/2025,33
111325823,2TJ9J74NP64,2798602637,8/10/2026,6
114994109,2KH5UX3HE50,6158624152,10/14/2025,14
062103453,9JA7CJ7UY55,6438072753,4/21/2026,80
103109840,2WN8EK6TM91,3164460589,2/4/2026,85
091901561,5WU4U76HE07,5549537923,9/18/2026,29
101110080,9YG8UW2RA33,6139172314,11/22/2025,40
111904480,3M47TF5FA73,5202056419,12/23/2025,32
122400724,7CG1DY1KQ24,0560274092,10/31/2025,13
061109487,9WR2F96JY26,9879222105,7/13/2026,7
065402517,1FK6E35VN50,8591572548,10/30/2025,33
026007508,1CM3FY4PY97,2184891088,4/23/2026,85
071909198,3HD4PR7TN74,3835435620,3/29/2026,12
072412927,1VA8R98CU58,2816662357,9/7/2026,18
111312551,3YF0EF8XQ18,6897179655,8/13/2026,42
111909993,1WP2WU1CQ22,9143127673,7/10/2026,98
063114661,7Q60AF1VG17,5071109395,9/26/2025,2
082007791,6EA1JA2UJ19,6854138302,6/10/2026,62
061101294,1QD5M51XM67,4937238965,4/29/2026,16
051904524,4GF9R87JR08,0299750361,4/10/2026,21
114025599,1CY2MA0CF61,7583312094,10/30/2025,63
321070104,9GQ7A16TK33,4136442068,3/3/2026,31
111101461,4K67R23UC77,7283212221,4/19/2026,41
113116386,2GW9UW1UA79,2499919760,9/3/2026,45
101206994,3MY2E40DK52,6183602140,7/5/2026,78
074913660,4PX0KJ3QN42,4701266329,9/25/2025,88
111026041,5P04U22PC50,7036604336,12/4/2025,44
111312551,9RF4MC4UK94,2438700440,9/13/2026,8
061104136,1KD2HG1MM27,2424677387,5/4/2026,86
061211647,2HE5E11CQ20,8076066042,11/14/2025,31
122105595,8VW4WT7QF25,7148404606,8/10/2026,51
114911807,9AT6EN6HX15,0920183824,1/26/2026,69
221472776,1N76T06CV38,4775197797,9/25/2025,73
121000358,1CM3FY4PY97,9790813287,12/30/2025,30
091201258,8F97V42QM07,3334709809,8/7/2026,34
031309314,8K87F30EY38,3449283847,3/5/2026,82
104101465,7G33KN4KF60,4765546640,7/17/2026,7
111916436,4JM0YU3XH55,5830727889,6/4/2026,2
081000045,3XK2KE6RD04,8727830632,1/28/2026,16
322273405,5T20MW5XR09,0560274092,9/16/2026,32
102101823,9G40A13JH67,3506670069,3/24/2026,75
111104853,9T88M66HR61,6139172314,5/2/2026,91
021409169,8X21QA4KT46,5989695357,2/8/2026,28
107006347,6PE9Y97DV49,1229550925,9/21/2026,64
101104795,4TN4GP2TT55,3106680008,5/8/2026,67
107089555,9UV7V06PT92,7283877746,9/16/2026,63
242071583,4XQ0F21JX13,7896352869,9/17/2026,25
123206710,4TN4GP2TT55,4775197797,9/9/2026,92
072413654,6AH7QX6QF56,5143977290,6/27/2026,9
081519303,8PP8A07CU95,6589633320,7/27/2026,18
061102400,9R79N93NY21,1157460240,6/18/2026,11
121000044,4HW4RU6CQ86,1442271191,1/13/2026,58
091917254,7K45Q91FE84,9847660905,4/27/2026,1
073901877,4U14WJ3QH10,5546450738,1/23/2026,3
111103058,4CJ5WE9PE24,0548769397,6/9/2026,20
113012503,5CQ9JN5XJ05,8157349737,3/26/2026,70
071923404,9YG8UW2RA33,2281774708,7/10/2026,36
061104084,2J05HA8DD85,9335151181,7/18/2026,83
101206800,1Q57DX2TG10,6139172314,2/28/2026,42
263170175,8P99TH7TC52,5119899927,12/19/2025,28
043000261,6QV9JF7KW29,4775197797,11/30/2025,52
111307430,3UF0E51UU99,6183602140,4/2/2026,87
084301372,8NN9R89AY82,0071786503,1/2/2026,86
061104136,5ER4Q05PY28,9347698059,8/25/2026,13
091211471,9F23V51VF81,7015412284,3/24/2026,25
081925816,2GN8CU8JH03,8687372639,11/28/2025,43
101112716,5JV6Y01YK83,8724763845,5/31/2026,16
021207002,6TG2VG9NU24,9804087154,7/4/2026,7
082901677,6HY6X34QV80,9349983370,5/18/2026,62
084108795,2HE5E11CQ20,7120423762,11/9/2025,11
061103218,9MD5M83DW86,5502905500,3/13/2026,44
104110113,7U96Y50JY49,1473189098,6/30/2026,51
103000703,1N76T06CV38,3909334229,10/2/2025,66
084202837,5AP2WW4EW53,0860909557,7/20/2026,81
122242759,5M22GJ9KU94,2184891088,6/2/2026,50
067002436,5RJ7NY8PQ88,9370047662,10/21/2025,41
062203816,1CM3FY4PY97,9879222105,1/6/2026,17
265272343,1MD6H55PM34,9804087154,5/10/2026,30
053112314,8A25XG4FU53,3881018417,11/23/2025,69
072413706,4XU6VV4QC56,9383898658,7/31/2026,11
073921161,7YC9PP0PU91,4434950886,4/8/2026,78
061003787,1P62JJ7CH76,0560274092,8/6/2026,64
026073079,3TG1TJ4QT84,1126316482,6/7/2026,83
086500634,6Q48FP3WK77,7714762713,12/7/2025,42
021201503,7HR4T02RH48,1046125982,8/17/2026,64
056009233,8HX6DY4MC14,4775197797,4/29/2026,47
071112105,6AH7QX6QF56,7186493378,8/17/2026,92
124002735,6UV9V45HD07,6627465248,2/2/2026,6
063115123,3U42X00YM36,2424677387,2/2/2026,14
082000138,4E39JD9QC50,4957090904,5/6/2026,69
041203895,5RQ5XV2GY54,0304956902,1/15/2026,83
081009813,2A70KE9TY78,0522652174,3/26/2026,11
042103473,5ER4Q05PY28,6948600980,7/7/2026,8
122402081,2CP6PW8XW75,6514381588,9/5/2026,53
231373069,5RV3YD9FK57,0944987044,9/11/2026,27
044112187,2A70J46WH19,1718840330,3/5/2026,100
065301689,7YC9PP0PU91,4468178507,7/25/2026,54
064109073,3CE4UF9QX35,3940640778,1/26/2026,67
053104568,2QC3H86RX62,0533348978,10/13/2025,25
011900445,3RR1YE7HQ89,2499919760,4/4/2026,87
113024274,6PT1VN1XG56,8158997066,5/5/2026,96
071000505,4V24V61NG43,1126316482,3/11/2026,12
064108605,8Y09QR0HT97,8211132761,10/27/2025,69
271172754,8VW7T68RJ13,9117811880,11/9/2025,38
053202130,8H37U00EH17,1429017937,5/15/2026,30
083902196,4YA7XQ8MX65,1496888529,10/8/2025,30
084202112,9DT9H51MP99,9432502163,8/1/2026,62
114909165,7DV1E62DD56,5723954407,4/8/2026,98
067016354,7MK0CK7FJ41,6708417138,9/28/2025,90
221981063,4PM2DH1FC24,4015383427,4/18/2026,20
081912379,4K67R23UC77,1126316482,11/28/2025,17
041002203,5JJ6H34PT84,7283212221,8/26/2026,4
107005924,5MC7CM7QM80,8570964951,6/3/2026,42
042107657,2E25W59YG44,5959157535,12/5/2025,36
304971987,3QC1KC4JA41,2380058830,12/17/2025,78
122239937,3HG9AA6EM14,7196876741,5/2/2026,83
042206422,2MU5EG2QK98,5288261725,8/17/2026,75
031306168,6Q48FP3WK77,5912101592,4/26/2026,39
113106956,5Y22R64KN53,3835435620,8/23/2026,11
284170510,7DV1E62DD56,3733363248,6/22/2026,18
083904563,2MU5EG2QK98,1618781081,8/9/2026,88
081514829,1MD6H55PM34,5502905500,2/25/2026,8
103109840,2HE5E11CQ20,1759478806,2/2/2026,37
071915580,8DC9G16EK29,5841980661,3/3/2026,76
271972064,6RC4J16KY62,9347698059,3/5/2026,21
091311135,9DA2XN9RT27,3449283847,6/8/2026,16
043318092,2E80PT1YV84,3935927290,4/2/2026,53
073901592,1QM8TY6QJ31,1875861890,10/6/2025,98
102000937,9E83Q61AW97,0106527339,10/3/2025,67
065202555,1DG0AK5EU82,0560274092,11/30/2025,47
211370095,9TU5DM2XG58,6158566152,10/24/2025,4
051503174,9EV2VD9MD60,6576478763,10/30/2025,20
091903035,3CJ2T24WY82,4586611014,7/19/2026,32
113100745,5T20MW5XR09,2539868010,9/19/2026,90
101110543,4CX2W10HC64,8712468525,12/7/2025,18
062203337,2RD7AT7PE95,3556062127,3/28/2026,50
107003418,9EU0WD5RG32,1229550925,9/5/2026,39
125184746,9WD2VP9QV94,0572828527,1/21/2026,31
051403915,5UQ6F31UF15,8570964951,3/23/2026,83
071106250,3UU9AX2XM23,7053848523,5/8/2026,9
091305329,7MK0CK7FJ41,0552920827,10/20/2025,50
104106509,7R50UG9DK48,3511644321,7/17/2026,30
053112217,7X46Q24WM52,8276437133,7/30/2026,39
123203878,3QC1KC4JA41,9804087154,1/11/2026,29
101000925,9TU5DM2XG58,4116753335,10/13/2025,86
021906934,5RJ7NY8PQ88,1875861890,5/30/2026,62
081903524,3A94R43RV84,8211132761,12/10/2025,16
242272191,6CT2RE4YF95,7987981796,4/3/2026,44
111925074,2X94D22CG00,9753531745,9/6/2026,23
122241912,8UA5KW2EG14,0876088140,12/30/2025,31
322170692,4MV5RV5UN51,0560274092,5/7/2026,90
064205388,5JJ6H34PT84,2185781227,4/14/2026,52
091210540,3HE3CC7AW54,4775197797,12/19/2025,20
101200453,3GF0HR4QV92,4122763762,4/23/2026,66
075903763,9V74C27ND87,7657511346,6/9/2026,82
026012881,7Q60AF1VG17,1496888529,10/12/2025,79
031901482,9MF0R30PN03,1292990961,3/19/2026,28
121139685,8J99XY3XQ20,0623720620,5/24/2026,13
091901192,9J84PR0FP95,7041484076,9/3/2026,29
071214472,6P89U21YC30,1838964045,9/4/2026,64
062205665,2K38J25YU03,2588445705,3/22/2026,61
052101588,7WC7U47JN34,4775197797,7/10/2026,63
075911616,7CG1DY1KQ24,4020840997,10/29/2025,63
113104000,1W45KC0AQ62,1759478806,3/8/2026,68
067014372,3K25Y14TC53,4775197797,2/1/2026,59
061113017,7MK0CK7FJ41,9347698059,10/6/2025,45
125107626,8N70RW3QW60,9298320876,5/28/2026,96
114911807,8DD1C38WC77,7335177103,2/14/2026,17
061103920,3G31R50FY64,1422583090,3/27/2026,44
053102117,5WU4U76HE07,1052815944,11/13/2025,38
111922527,2TV8M70DJ68,0006392474,4/26/2026,20
082901839,2R80X77NV50,9117811880,2/6/2026,56
211170088,4GM8CW7KR43,2499919760,1/15/2026,64
121141042,5RJ7NY8PQ88,4775197797,7/30/2026,87
111303117,6NW5UN2DW41,4122763762,4/2/2026,39
055003340,4DV0AW1GM49,9891126048,12/9/2025,8
322271724,3YF0EF8XQ18,7410953845,8/9/2026,3
073911676,1HN9AJ2XJ79,0560274092,1/16/2026,5
081505155,6UV9V45HD07,0071786503,5/30/2026,87
083986662,9YR7DX2PW97,0241640814,10/29/2025,100
082001700,2QC3H86RX62,4436000419,11/1/2025,24
104905836,6DC3A11TV94,9753531745,8/21/2026,39
031313261,3QT3MN6TF89,8750897950,7/25/2026,5
075912819,4KT0AA2TH03,0657495980,7/10/2026,96
075902722,9FQ9FY6TM09,2217647555,9/13/2026,100
111322965,2J05HA8DD85,5202056419,1/10/2026,35
021404465,8J86ET0HQ40,4884604814,9/11/2026,67
065305436,8AR6EF4FA15,1636907660,8/20/2026,100
081511754,4Y10QH9GJ31,2499919760,11/17/2025,30
071002503,4PR8AT3WD22,2499919760,11/5/2025,75
031302117,9WD3T88VW28,6514381588,7/9/2026,15
021207044,1QM8TY6QJ31,7530474189,2/26/2026,74
321170318,2Q54RQ9AG97,9335151181,11/5/2025,49
021001318,2E80PT1YV84,6139172314,8/23/2026,63
051403517,5KF0HJ0ND71,6369496138,1/16/2026,92
074014213,1AA1YH8KE27,5472077354,10/6/2025,54
043304239,2FC5XM1DJ72,6139172314,6/25/2026,18
071001685,2AG6HA3JN42,1496888529,9/27/2025,51
053101396,1QV6N37VR75,2644441455,2/18/2026,52
075901642,6WW6KY7JF53,2380058830,4/26/2026,52
101006039,6TW8TH2EP58,7283877746,5/30/2026,33
111313631,7F22D18VE23,0494445963,12/28/2025,94
104901487,4FR6DK0PU03,0071786503,10/26/2025,50
081009428,6FW1X48FU59,6659836187,7/27/2026,63
211672531,5YR3WJ2UY14,9049440193,9/20/2026,27
111911033,7F32EP9QH79,3007820111,4/13/2026,33
101107116,8VJ5R19HY29,1628289317,12/4/2025,54
125108450,8FX5QD1HP42,9804087154,3/17/2026,13
111901962,8UE1A12DM20,3988887242,8/31/2026,51
082901622,1AY6EW3MD81,7283212221,8/26/2026,54
272471661,9MD5M83DW86,4884604814,9/11/2026,44
044106397,6AH7QX6QF56,7148404606,12/17/2025,10
114917924,8PP7QG2RU22,4031963122,6/28/2026,38
101217514,2J05HA8DD85,7196876741,8/17/2026,55
221972111,1F63PW8RJ03,9117811880,5/16/2026,76
071004378,8VW4WT7QF25,8671803783,10/29/2025,5
113110641,5T20MW5XR09,0106527339,10/14/2025,6
065202568,4RY2RE4GD34,5801567909,6/10/2026,33
091803957,3KG8F76TH37,7896352869,6/19/2026,71
075918295,7K24N86TV21,8510636923,2/25/2026,41
091308805,5YX8DM1QN16,4185196172,11/13/2025,8
031100160,9EV2VD9MD60,6766439165,10/30/2025,52
062205937,3XU5MX5QH62,6139172314,3/6/2026,66
072407000,9ND8P68NX57,8232700890,5/30/2026,90
044000642,9R79N93NY21,5502905500,6/13/2026,50
101219059,6CT2RE4YF95,6437266473,7/12/2026,18
062104070,6MR2FQ2RT50,6514381588,4/14/2026,42
111319004,5RJ7NY8PQ88,9749746570,3/22/2026,60
071925156,2V92DN2DV15,4646248417,10/19/2025,81
271973775,4DV0AW1GM49,8178974703,12/2/2025,89
026013673,7CN1G15AJ22,0533348978,1/13/2026,64
113024562,1E77NR8CK01,2499919760,4/19/2026,91
062201164,5PM9KV8ED39,3892903883,5/28/2026,7
114924182,8U69HA0TN65,7148404606,9/28/2025,10
211170185,7T01XC6PM07,7406985819,5/13/2026,29
021202311,4K67R23UC77,8745747121,2/9/2026,71
053112631,3E77TR6JJ34,2424677387,4/10/2026,85
071106218,8KG6HK7DE54,4775197797,11/22/2025,58
071109707,6GQ3K98HK81,1126316482,10/14/2025,14
026004970,8P99TH7TC52,5827013250,3/21/2026,96
065403875,6D22N82RM40,2225160120,8/7/2026,16
061120327,5WU4U76HE07,1794697020,6/1/2026,28
055073532,5RQ5XV2GY54,6002091645,7/10/2026,4
065402339,7GU4CY2CJ17,0560274092,2/12/2026,34
063114784,6GQ3K98HK81,8073157721,11/3/2025,96
111909443,3ET7Q46VM23,2256241882,10/15/2025,57
111101225,3EW0X73EM50,7863685818,12/30/2025,10
071925211,4DV0AW1GM49,9847660905,12/23/2025,83
082908573,3CG6VQ4FM88,7199307705,8/12/2026,2
065106680,2N28AV3YF47,7150109934,5/6/2026,44
067001699,8AP7VV0RC02,1866522396,6/3/2026,16
051501451,3PJ5X11AU02,9143471730,7/25/2026,27
123206781,8Y09QR0HT97,9022458881,10/29/2025,5
071925062,2E25W59YG44,0115076077,10/15/2025,36
063107513,3ET7Q46VM23,4265818307,9/29/2025,9
073915520,9WR2F96JY26,4034003847,11/4/2025,51
052001963,9WD3T88VW28,0241640814,4/21/2026,81
101115098,9PA6F15XY78,1136873546,4/6/2026,67
113012503,6NF6DR9JX16,1229550925,3/23/2026,16
111904338,6QV9JF7KW29,0106527339,5/1/2026,98
081202759,4GM8CW7KR43,1875861890,10/15/2025,37
084107628,4UY5FN5WM42,6139172314,9/18/2026,40
091300010,1CM3FY4PY97,4775197797,12/8/2025,96
241271957,6NV4UM6NG67,6781665944,6/29/2026,47
107000262,6Q48FP3WK77,2281774708,7/31/2026,11
064101673,3A94R43RV84,4775197797,3/17/2026,7
101111678,6D22N82RM40,5143977290,1/29/2026,75
113117767,7G82Y83KF00,4812871336,6/20/2026,62
031100160,9E83Q61AW97,2432533917,10/10/2025,8
071905040,8TV3JE2AV57,1496888529,1/17/2026,84
091309846,1AA1YH8KE27,2424677387,5/12/2026,61
075918305,8DD1C38WC77,1225459850,11/2/2025,61
086500142,5MX7ND4NR27,8064210895,5/23/2026,49
064204703,2VQ4U11KR53,4755973481,9/20/2026,95
043301601,7H86J65DY50,4775197797,1/10/2026,38
062201724,9ER4T18GV97,6708417138,6/11/2026,65
101104041,2PT0UU5WT51,6139172314,9/14/2026,54
122243800,9QH3VG9PM64,3488617882,7/17/2026,57
042100188,6NV4UM6NG67,5495416430,11/2/2025,90
061104123,4DV0AW1GM49,4775197797,4/6/2026,46
083905449,6EA1JA2UJ19,1348092246,5/22/2026,73
111025518,3X57D00EE50,0736029664,3/7/2026,100
103912723,8UA5XH5FN70,5723954407,2/18/2026,61
011401135,4H17NH4UE19,1759478806,5/17/2026,15
111319004,2PT3EQ9WK07,2380058830,9/22/2026,90
071918150,4WX1RQ7VW45,0093764758,12/22/2025,4
091901684,4XK4WQ4JV45,2424677387,5/10/2026,98
041001013,8D84MV6MN33,9260488311,4/22/2026,83
091200738,7A23N88RJ88,2393018875,9/5/2026,59
121141288,8U69HA0TN65,2499919760,12/12/2025,28
031308564,7R17ED8XH78,6766439165,7/17/2026,98
211179995,5RV3YD9FK57,1297122216,9/7/2026,66
081923452,3GF0HR4QV92,7283212221,3/6/2026,10
271972116,7WY7WU2KY34,4079634323,9/25/2025,21
053207931,3KN6U87UJ50,0945285094,9/20/2026,78
122238242,6PT1VN1XG56,0495606529,7/25/2026,90
053102816,8H26JP5YA37,2424677387,3/9/2026,10
075911603,2HF9ME5XU35,4258640417,5/29/2026,87
111908091,4E39JD9QC50,8276437133,4/20/2026,68
303188111,8J34XY2FP96,0106527339,10/5/2025,38
075072157,5MC7CM7QM80,1875861890,10/20/2025,15
053274090,6TE4DC5YW33,7148404606,5/12/2026,83
114910565,8VD9HG2GU63,4685666976,11/4/2025,86
073917887,1E77NR8CK01,3740748036,4/5/2026,62
091408297,4E39JD9QC50,6003926384,2/11/2026,95
043308620,5MC7CM7QM80,9014764022,9/4/2026,49
053112343,1FK6E35VN50,0222521716,6/14/2026,41
114000653,2GT9J25JD44,4755973481,4/3/2026,80
111907717,6Y83GM1PM59,1426751494,8/10/2026,69
065402313,5T20MW5XR09,2499919760,2/21/2026,96
075909903,5RJ7NY8PQ88,8510636923,10/26/2025,62
062004099,5V69AH8JQ55,3740748036,3/10/2026,59
052002166,8FX5QD1HP42,8674337767,8/2/2026,24
022000127,7NV7AF4HH48,1126316482,9/17/2026,55
102089644,5KX6TE4EF09,9143471730,6/6/2026,86
091902531,2K38J25YU03,0241640814,4/2/2026,90
043317679,3TG1TJ4QT84,9578358431,11/29/2025,95
122106154,5KF0HJ0ND71,5912101592,12/31/2025,37
081501175,8C24GC2VE45,0560274092,8/17/2026,90
103000677,8PW0D46FJ98,6708417138,9/19/2026,56
101102108,2A70KE9TY78,5450730349,3/6/2026,21
031309385,9UC3DW2DR83,8002139542,9/8/2026,80
221172610,7F22D18VE23,7148404606,2/25/2026,6
053100355,7JT7X77UF36,5941984316,1/15/2026,6
071115801,4HU9EN4JG74,8232700890,12/23/2025,45
121138741,3KG8F76TH37,9901467640,1/23/2026,61
041205521,6TY5H13HX46,2499919760,8/8/2026,54
082903044,4XK4WQ4JV45,8387325473,6/9/2026,41
111901632,9RA4PF1ME80,3729424203,8/18/2026,4
071922955,5MC7CM7QM80,4015383427,3/5/2026,67
122240667,1FP8W85YD38,0106527339,8/28/2026,17
053107989,1MD6H55PM34,5585143832,1/14/2026,6
111916180,7T73WN6XF94,3733363248,3/13/2026,87
221371071,8VJ8R19DQ75,9879222105,7/5/2026,64
011501035,9J00NU9RR77,9358649380,2/7/2026,26
071924131,9E83Q61AW97,2380058830,10/4/2025,13
081500749,7H86J65DY50,0533348978,4/8/2026,58
111912605,8Q35KD5RA88,5912101592,3/26/2026,60
026009645,8CT4FK2GP45,3860647660,10/15/2025,39
111904150,1J22J29HJ79,1984948628,9/16/2026,71
083000137,7QK4YR5HC50,0189489340,5/6/2026,77
064102384,4RD9CT0HM77,2301836991,8/15/2026,74
111324895,8XT6XT3JY94,1618549162,11/26/2025,6
104000029,8VW4WT7QF25,5801567909,12/21/2025,75
021302978,1F00C17JE68,8740497577,2/19/2026,54
082000109,1JQ4Q92VH85,9335151181,12/27/2025,87
063114690,1FK6E35VN50,4380812502,11/18/2025,62
325180414,1J10J12TW47,1903445817,8/3/2026,99
091905130,8J34XY2FP96,3238444352,2/13/2026,58
071100858,5GP4VK3ER60,7896352869,2/24/2026,91
011001331,2VA8UN8KU65,3714312692,4/20/2026,48
056004720,7N32RY1YT77,8897380638,8/12/2026,29
114000721,2M42EV5KF52,6139172314,8/8/2026,30
067014194,6RW7J10VQ21,2281774708,8/4/2026,27
271973775,7CG1DY1KQ24,9970542036,10/30/2025,95
322280870,8C24GC2VE45,0106527339,9/6/2026,19
084006059,4A38K44RV36,2615103539,5/20/2026,74
084074395,5FN6X72XN63,7283212221,1/26/2026,45
103110046,2X90D30PW88,9227483276,1/23/2026,82
122237612,1FP8W85YD38,7721450306,1/20/2026,99
064204075,5T20MW5XR09,4775197797,10/25/2025,47
026000110,7N66JR0QE71,7442778348,10/29/2025,40
071918150,4TV5KQ0GY59,3740748036,11/5/2025,91
051409139,6TQ5A42JA80,2301836991,9/18/2026,78
211870812,4V73EE9DC13,1733474013,7/23/2026,87
091210074,1EX3EC7EU19,0552920827,6/23/2026,9
042215248,5Q14X00QM75,2185781227,10/2/2025,60
065405132,6HH0HT9EJ85,1706901038,9/4/2026,96
107006981,1N76T06CV38,2499919760,9/29/2025,78
065500752,8VJ5R19HY29,8693336975,11/29/2025,37
084202235,6HT7EU4YG53,1759478806,5/21/2026,44
065405381,2PT3EQ9WK07,3835435620,11/6/2025,62
031101211,8UA5KW2EG14,2499919760,11/23/2025,88
026014041,7FR4F90NA89,7494425268,6/22/2026,54
091108746,1N76T06CV38,5884739346,9/30/2025,54
057000697,3EM9NR8NQ80,3733363248,10/3/2025,8
103110428,2VQ4U11KR53,1496888529,5/10/2026,51
313173349,5RR7PK1FH09,3791106023,10/7/2025,94
064000185,1FK6E35VN50,4122763762,1/13/2026,52
111903517,8H42VK8WQ28,0222521716,11/20/2025,3
062202736,7CG1DY1KQ24,8418354860,5/18/2026,17
061120178,5XN3GN1FA96,2184891088,8/7/2026,79
065103625,4DV0AW1GM49,8171925642,12/8/2025,55
081501793,7XU1YH7UP06,7024303808,8/12/2026,71
271171674,2TJ9J74NP64,6139172314,5/15/2026,84
063114632,3TQ0V31MU86,9804087154,10/26/2025,53
044206475,1AA1YH8KE27,6139172314,6/12/2026,13
052100929,8U69HA0TN65,4559731047,11/27/2025,38
062201164,6KW9J88CT07,9205110191,12/13/2025,39
067016354,6EA1JA2UJ19,7583312094,2/16/2026,91
107003010,4R35XY7HQ20,4102481001,8/9/2026,21
043314847,4MJ9VY9DH01,5294386909,8/30/2026,1
065106363,4R35XY7HQ20,7896352869,10/8/2025,74
111914289,1AA1YH8KE27,4092201567,12/23/2025,40
031204710,8P99TH7TC52,1046648691,11/11/2025,24
072408708,8EM7V14CT08,4937238965,8/7/2026,94
061192740,1N76T06CV38,5723954407,9/25/2025,37
084201278,3W53WH0KF76,0071786503,9/13/2026,30
091409746,5Q14X00QM75,2588445705,10/4/2025,31
052100408,5G76D12PE15,4755973481,9/20/2026,36
211179982,4NT9G11DM10,9753531745,9/5/2026,21
075012531,7YR8DV5QR22,6708417138,2/2/2026,28
031309440,3G79EP4YD02,1496888529,7/11/2026,16
075012531,3ET1DA5QC52,1348092246,11/12/2025,62
071926508,2WT6J14FM84,2184937312,9/21/2026,72
071100324,3ET1DA5QC52,4079634323,10/19/2025,72
122238938,1TY1G64YV88,3316108033,8/21/2026,3
113001255,4RR8YH5TP74,4507260590,2/24/2026,47
063107623,5QK9T28PR61,5000362276,5/19/2026,92
253272070,1JQ4Q92VH85,6139172314,11/13/2025,67
061211171,9AT6EN6HX15,0533348978,8/23/2026,55
065306192,2FC5XM1DJ72,2424677387,6/10/2026,91
075904115,8PK4D98GY92,8723619538,5/6/2026,56
311981562,8AG4RE4QF24,4341819550,3/17/2026,57
263091128,2RD7AT7PE95,6139172314,12/30/2025,58
124303007,8YW8XG0RM70,6014486410,3/16/2026,48
325182603,9T88M66HR61,3479731392,6/2/2026,91
041201703,9FK0P07AG90,5539956729,2/22/2026,44
081500875,8J34XY2FP96,2191245668,12/2/2025,98
103101929,1M10PM1PV64,1875861890,3/29/2026,1
061112843,8CT4FK2GP45,1628289317,10/13/2025,100
084302698,8DE7K62PV34,7148404606,7/27/2026,33
103111155,7G82Y83KF00,0657495980,8/15/2026,14
081905593,3WT5KV0MF68,3935927290,9/5/2026,45
063112249,9K91DR5EV73,5884739346,5/2/2026,46
122402052,8M12QJ6AR42,4401656881,1/9/2026,51
067013836,6TQ5A42JA80,8073157721,8/11/2026,92
111914218,8Q35KD5RA88,4015383427,10/3/2025,71
083974467,8U69HA0TN65,1622003004,1/30/2026,53
122042069,8VW7T68RJ13,4031963122,10/25/2025,30
113105025,5MC7CM7QM80,1279470615,10/15/2025,6
071109707,6HT7EU4YG53,3006492226,4/30/2026,95
067015119,8CU0TP4AX70,8073157721,1/30/2026,98
231372439,8NN9R89AY82,8570964951,12/17/2025,84
111312205,3M47TF5FA73,7896352869,5/8/2026,51
053003931,5XN3GN1FA96,0683673912,8/13/2026,29
065305902,8VU9F50WY20,7730842025,5/11/2026,28
122243321,6DC3A11TV94,9443416069,2/15/2026,10
122487307,6CT2RE4YF95,9137852175,4/6/2026,71
084008853,8Q35KD5RA88,2424677387,11/3/2025,31
071905095,8UW0W60NN73,4775197797,5/27/2026,30
211170156,2AG6HA3JN42,3006492226,2/14/2026,55
092902352,7K17PJ6DK47,9049440193,4/3/2026,80
073000176,4EF5TC8AG68,3531427091,7/1/2026,87
101100854,1PK8T15PE59,2765502226,3/21/2026,81
074000078,5J61YE4UT97,6139172314,4/29/2026,50
075902065,8A18HF7XC84,6781665944,9/1/2026,34
053107963,5KX6TE4EF09,5294386909,5/20/2026,40
322270408,9TU5DM2XG58,6514381588,10/1/2025,85
055001054,9ER4T18GV97,5039025254,5/25/2026,40
123103729,4YA7XQ8MX65,6003926384,11/12/2025,38
074903955,1XV2N42WA09,4882264625,9/12/2026,8
073912073,5RJ7NY8PQ88,5791470622,12/2/2025,27
075906595,4JP0NA5UA21,5450730349,12/12/2025,60
123308786,2GN8CU8JH03,2240840072,11/9/2025,57
061113279,3KN6U87UJ50,7714762713,11/6/2025,59
101101439,4R04QR5JD22,8387325473,2/23/2026,10
073919416,5XN3GN1FA96,9347698059,5/14/2026,81
122038277,6TE4DC5YW33,8569432704,12/2/2025,10
071922421,2DG1YP0HJ42,9494018052,7/28/2026,41
263190757,9AT6EN6HX15,2615103539,7/24/2026,20
111312894,7WY7WU2KY34,2499919760,9/26/2025,1
061000256,3W62PE5TF92,4627763867,1/13/2026,16
042306720,5YR3WJ2UY14,7410953845,8/22/2026,41
114993786,4HH3P15QY66,8674337767,1/14/2026,74
072400528,4UE2QY8NJ70,0106527339,5/23/2026,88
221971332,1JD4YP9MF79,1496888529,5/24/2026,28
053201607,3TU6GV0QX46,3926182326,8/18/2026,8
091215626,7GU4CY2CJ17,4775197797,12/14/2025,29
061000146,4HM2DU1AK94,2499919760,4/30/2026,35
056073502,5TY5D94EN50,2301836991,9/10/2026,18
091901684,4PG5JP0DC73,6119718826,6/24/2026,30
103103105,8K87F30EY38,8724763845,12/12/2025,69
271992219,4PX0KJ3QN42,1550404229,1/14/2026,7
111304912,4X15AE2CF96,3881018417,8/10/2026,45
211370354,8V79TQ2TR88,8219263601,5/3/2026,65
072000339,4YU2R36EH69,0185357695,5/19/2026,62
067010169,8KG6HK7DE54,7135363523,11/27/2025,80
104113217,4Q54CT6KA61,0034262466,3/22/2026,59
114924014,1CY2MA0CF61,6139172314,12/6/2025,71
042174509,3HE3CC7AW54,8612609151,1/15/2026,63
075912628,5XP9JN6JM04,2426482753,3/11/2026,71
111010060,5RY5PK1WX90,8290171579,7/14/2026,63
251473091,5AH9KT5EK44,7897781550,6/9/2026,80
081025208,1M10PM1PV64,0106527339,6/1/2026,11
114993906,9MF0R30PN03,2431876802,10/23/2025,19
051401331,2PP0JK7DG43,0071786503,7/5/2026,99
082907888,5TY5D94EN50,4775197797,1/19/2026,24
053112220,1HX2R02DD55,4775197797,7/1/2026,24
063100882,8Y09QR0HT97,9809866186,10/6/2025,79
114921842,3F09JW0MR53,0560274092,9/16/2026,70
111317844,5HX2GD2ER74,6139172314,6/17/2026,45
061092691,6HH0HT9EJ85,0560274092,6/30/2026,82
102101111,3EM9NR8NQ80,8774028774,10/3/2025,5
082906258,8AG4RE4QF24,7852043836,2/19/2026,19
256078569,5U68P63RF33,2184937312,7/7/2026,31
067092310,5RY5PK1WX90,3935927290,8/27/2026,48
052001633,8VJ5R19HY29,4034003847,5/14/2026,60
104903498,5HU8DR3YV34,9143471730,7/15/2026,3
122239775,2HE5E11CQ20,0979530628,6/5/2026,46
107006091,4FX3TM0UD97,9869913431,5/7/2026,28
101105600,2G68NJ9QV05,8073157721,10/5/2025,100
113100745,7JH3QK9AU50,0222521716,6/25/2026,67
211179982,2CK2N97TP02,1225459850,9/19/2026,35
065300020,4A38K44RV36,6139172314,7/13/2026,73
074000065,2K38J25YU03,8632691457,12/3/2025,90
066004367,4PG5JP0DC73,7896352869,5/17/2026,91
051502175,4DT6NQ2QY38,8418354860,12/8/2025,35
314073008,7MK0CK7FJ41,6781665944,10/23/2025,33
111304637,1X33Q83CX30,2301836991,5/15/2026,32
111311413,4VE5A42HN93,2499919760,3/29/2026,34
053112576,8Y09QR0HT97,9804087154,11/20/2025,20
067011760,6NW5UN2DW41,6139172314,8/8/2026,15
107006554,1QM8TY6QJ31,7283877746,12/26/2025,9
065303467,9MP4WU7XP91,2588445705,9/21/2026,34
071108669,8VJ8R19DQ75,2374070247,2/7/2026,10
081302633,2CP6PW8XW75,3483133933,8/2/2026,9
255072207,8Y60EE1QC23,0530481529,4/16/2026,27
053274168,6TY5H13HX46,1729200605,9/18/2026,37
104900323,7F22D18VE23,6994259943,12/16/2025,81
253176215,1AA1YH8KE27,9117811880,11/29/2025,36
101001005,7DK2EY7DN11,9723043947,4/6/2026,56
104908082,5T12CJ0RW31,6139172314,7/24/2026,6
082001881,9EV2VD9MD60,2499919760,11/7/2025,18
092900613,2EG0NE6GF10,9847660905,12/28/2025,66
056007387,5YJ2UU8RK74,1590085086,5/11/2026,36
112205764,5R89H88DU69,8632691457,7/12/2026,21
071126764,2JC2CY0AG62,9600820988,1/29/2026,41
124103896,2WT6J14FM84,0495606529,1/16/2026,80
071919117,9ND8P68NX57,1429017937,6/30/2026,76
121144201,4HW4RU6CQ86,0491177615,6/30/2026,97
122241941,2AG6HA3JN42,6387943973,11/9/2025,76
053112660,8M46C71QC42,6139172314,10/20/2025,52
101100375,3J31DE0ER07,2499919760,7/28/2026,88
113008083,4GM8CW7KR43,1046125982,10/23/2025,64
101115111,7WY7WU2KY34,8635387791,11/21/2025,84
063114920,2VQ4U11KR53,0208501541,7/19/2026,53
114909013,7UX8WV4XH13,2499919760,7/11/2026,68
064201832,3EM9NR8NQ80,4698725011,10/27/2025,62
031306799,6Q47FN9HK99,2402557621,4/10/2026,15
071922968,4YA7XQ8MX65,5912101592,11/2/2025,98
043315561,1YT3HR2CT48,4775197797,9/22/2026,64
031205913,4XK4WQ4JV45,1875861890,8/30/2026,34
125107998,4Y37EA9XU64,4775197797,2/2/2026,44
081914775,7F65MN5FU45,0071786503,5/23/2026,99
063214312,2V92DN2DV15,1496888529,10/8/2025,85
021202162,6TQ5A42JA80,4311540817,3/8/2026,99
021200559,7WC7U47JN34,0026605562,12/31/2025,68
111907021,9CT1QQ3TR80,1628289317,9/11/2026,97
026009645,1MD6H55PM34,6481237408,9/3/2026,70
122238077,3EW0X73EM50,6139172314,1/12/2026,29
091901972,3QT3MN6TF89,6139172314,2/13/2026,26
091917254,9FA8XD4HC65,2240840072,12/28/2025,2
051405450,2X90D30PW88,3898240177,5/8/2026,59
043304239,5T20MW5XR09,5912101592,10/12/2025,82
075902421,8DE7K62PV34,4468677589,3/4/2026,89
084202879,4EK2R61RD84,1496888529,7/25/2026,18
051405450,2JE5T53YQ26,4755973481,8/5/2026,62
031318693,1QM8TY6QJ31,0572828527,12/19/2025,75
242272269,3DH8FR6DT04,1875861890,2/24/2026,67
322279920,8H42VK8WQ28,5331791786,7/23/2026,75
011000138,1M14DD8YU32,5884739346,4/27/2026,53
026000110,4JA3RP2HH70,5489298847,5/21/2026,95
111910092,3QC1KC4JA41,3484662476,12/23/2025,77
103101822,9YR7DX2PW97,6708127075,3/15/2026,63
072402348,4UF8J75YE99,1255325364,9/12/2026,94
053208053,5RJ7NY8PQ88,4034003847,12/11/2025,65
051001414,2H55FP5PN61,7199307705,6/28/2026,75
065405255,2E25W59YG44,7896352869,5/27/2026,20
101217514,6QF4DY7NE40,7494425268,11/4/2025,40
103102106,3E77TR6JJ34,4812871336,7/25/2026,97
075905431,7R50UG9DK48,4436000419,7/21/2026,93
104113408,4HM2DU1AK94,3552952292,5/9/2026,28
323270436,1YQ5KC8DX17,8318361741,12/6/2025,68
114993731,8J99XY3XQ20,0354797034,8/4/2026,96
112000150,7MG7V42JD52,5202056419,3/29/2026,25
103100522,2V92DN2DV15,9089552510,3/12/2026,7
057000697,2PT3EQ9WK07,4356815211,7/22/2026,29
211170279,9RF4MC4UK94,5939532683,5/14/2026,43
052000168,1M10PM1PV64,9269062767,7/2/2026,74
091914710,7WY7WU2KY34,6139172314,10/6/2025,63
053101121,5JX5GA3YW75,5502905500,6/9/2026,50
111304064,7JJ2FM6EH53,4468178507,3/24/2026,25
082908780,8DD1C38WC77,9804087154,12/17/2025,37
044172282,1CY2MA0CF61,1729200605,11/10/2025,75
042204932,7T73WN6XF94,8804200065,1/29/2026,59
104908163,8NP3X82TT03,2240840072,1/4/2026,52
122239322,4YA7XQ8MX65,4516976145,10/28/2025,68
242071473,8NN9R89AY82,2499919760,1/31/2026,26
061120291,5N00Q81ME65,9752426875,6/15/2026,74
031000037,6W90XQ9JW58,3855758697,3/18/2026,89
064002280,9E83Q61AW97,2224727321,10/12/2025,29
091310929,7Q60AF1VG17,2121667601,5/14/2026,40
051503174,4V73EE9DC13,1567023452,11/28/2025,28
107007197,7JJ2FM6EH53,0533348978,3/31/2026,90
271970147,6P89U21YC30,2853360997,8/26/2026,45
221672851,2JY8XY0MR88,0071786503,6/25/2026,7
091915311,1F63PW8RJ03,1496888529,1/12/2026,15
065302963,5T20MW5XR09,3552952292,10/2/2025,39
021502095,4FR6DK0PU03,2499919760,12/6/2025,59
081227129,4E54CQ7YF57,0304956902,5/17/2026,19
072013915,8Y09QR0HT97,8626093276,10/5/2025,70
103110237,5JV6Y01YK83,2499919760,6/22/2026,61
051009649,8VW7T68RJ13,2426482753,3/26/2026,50
071112804,5KP8AA1DJ57,1255325364,6/7/2026,71
071100269,5AK3VG4TN32,0185357695,8/5/2026,87
042100188,8UA5KW2EG14,8361719385,1/29/2026,80
101104494,1MH9Q46DP20,7575300759,8/13/2026,89
053112068,8WH5RU6GK56,2812032480,9/21/2026,92
031202084,2GN8CU8JH03,9989965633,11/9/2025,38
114922003,7Q60AF1VG17,2424677387,10/5/2025,69
073921967,8M46C71QC42,2424677387,2/22/2026,37
211371638,6EA1JA2UJ19,4982466831,5/20/2026,64
051001414,7Q60AF1VG17,6139172314,10/1/2025,100
112200303,9C59YD7MF46,6139172314,9/2/2026,89
091000019,3EM9NR8NQ80,9544237763,9/30/2025,13
091803957,8DD1C38WC77,1126316482,10/16/2025,69
022000839,3CG6VQ4FM88,7896352869,8/6/2026,2
054001204,7H86J65DY50,8591572548,11/29/2025,64
061000078,8VJ5R19HY29,6576478763,12/8/2025,59
211870977,2GP3H20UE11,1729200605,5/2/2026,15
111304637,6VD2AQ3YX42,8290171579,8/7/2026,75
221471971,1YQ9EF4UQ59,0071786503,1/22/2026,14
026000110,6GQ3K98HK81,8362524804,12/19/2025,7
091904872,4R35XY7HQ20,9753531745,10/19/2025,71
071111986,4U02G08DW78,0583258549,6/11/2026,18
122401781,5Q14X00QM75,1729200605,3/7/2026,81
084201003,2RD7AT7PE95,4894251345,5/19/2026,96
107000440,8F97V42QM07,8276437133,5/21/2026,16
072409888,8FX5QD1HP42,4468178507,3/6/2026,11
114000776,4V73EE9DC13,6476962604,5/10/2026,100
092901434,1JQ4Q92VH85,3935927290,11/26/2025,4
253176671,6MR2FQ2RT50,2021116522,4/2/2026,45
043001024,5WU4U76HE07,9261216994,4/7/2026,5
231375630,9WR2F96JY26,4775197797,10/21/2025,55
061103852,4PX0KJ3QN42,2424677387,11/18/2025,29
071923190,4FR6DK0PU03,7410953845,12/30/2025,96
091407942,2GE4AW4QC02,2431876802,9/23/2026,55
044208936,3X57D00EE50,5143977290,1/1/2026,4
072410123,8YA1MM5MV06,2528020384,8/16/2026,47
122203248,8CT4FK2GP45,2765502226,4/5/2026,25
064009241,6TG2VG9NU24,2380058830,4/7/2026,23
056009482,7N66JR0QE71,6139172314,11/4/2025,7
053112437,7JT7X77UF36,5341392043,3/23/2026,15
067008582,1JA8CH8FY49,9347698059,9/11/2026,84
092905168,1M14DD8YU32,5943229248,9/8/2026,57
042205038,5J61YE4UT97,7120423762,9/17/2026,15
074909470,1VR9PP7RM11,9804087154,8/5/2026,74
103103396,5YX8DM1QN16,5801567909,2/15/2026,60
056004720,8HY9GX1RV67,3860647660,11/20/2025,55
084304243,5MC7CM7QM80,5439819452,2/19/2026,12
075910523,8J34XY2FP96,2642027120,11/20/2025,64
272471551,5V80QP1EA89,7410953845,4/8/2026,64
072401831,4DT6NQ2QY38,0561635617,11/6/2025,89
091905295,3ET1DA5QC52,7494425268,5/22/2026,11
125107532,3KN6U87UJ50,5202056419,10/24/2025,23
323270216,5JV6Y01YK83,4685666976,2/19/2026,83
107003612,3HN9RU2YG19,3348840805,7/25/2026,5
073907855,2KG7W60XA78,7852043836,11/30/2025,28
272471124,1FP8W85YD38,9029220678,1/18/2026,44
031313261,4RR8YH5TP74,5511480746,11/15/2025,90
053111920,2V92DN2DV15,1179767462,10/27/2025,35
104905250,2GG4WK3QJ98,7269304696,5/23/2026,60
122402159,5M22GJ9KU94,5000362276,4/17/2026,74
102006067,8AR6EF4FA15,5143977290,9/15/2026,10
071122661,4YA7XQ8MX65,4882264625,12/6/2025,69
107003010,5JX5GA3YW75,4516976145,3/13/2026,20
211174136,2AG6HA3JN42,3935927290,11/8/2025,3
081905593,8NP3X82TT03,2499919760,2/10/2026,21
107006143,4XK4WQ4JV45,0675676665,12/23/2025,33
114921842,4PE1H42VG44,9281638606,6/18/2026,31
255071981,7H86J65DY50,0115076077,5/2/2026,30
101003317,5PD0X05MJ66,7283212221,5/28/2026,31
071900825,7DK2EY7DN11,4775197797,2/7/2026,87
091204080,4RR8YH5TP74,0071786503,7/9/2026,43
101212182,6YK2V22HH57,0533348978,3/18/2026,2
242170002,7MK0CK7FJ41,4855770728,11/9/2025,64
103108605,4XT4G63UG25,7170521067,8/3/2026,37
244171999,2JC2CY0AG62,9288475257,12/18/2025,95
123307583,1GV3XK1EK16,3057511589,4/10/2026,63
084108795,5X86YX9XW20,2811740856,7/28/2026,75
011000138,4FR6DK0PU03,2600857052,7/20/2026,70
071924898,8VJ5R19HY29,0304956902,12/28/2025,44
083902798,4PR8AT3WD22,2426482753,10/18/2025,61
092902404,8VU9F50WY20,4775197797,8/14/2026,31
111323689,7F22D18VE23,4468178507,12/29/2025,64
061211197,7GU4CY2CJ17,8570964951,3/14/2026,21
065301566,4CX2W10HC64,4775197797,11/17/2025,58
113106833,1KW7CJ1DA29,1442271191,9/22/2026,27
226070571,4HW4RU6CQ86,1875861890,1/8/2026,87
221271265,5RR7PK1FH09,6627465248,10/14/2025,63
322282768,7H24NE5DR86,7406985819,1/15/2026,86
053200064,3MP4VM5JY82,7379986597,12/6/2025,80
111302587,1CY2MA0CF61,2380058830,1/17/2026,46
092903270,6NG0DU4YT98,1618781081,8/4/2026,31
104910342,7GU4G40XU83,1622003004,7/16/2026,21
104103683,4TV5KQ0GY59,2185781227,1/24/2026,68
053110400,2HE5E11CQ20,2499919760,2/14/2026,88
072402076,2AG6HA3JN42,1567023452,11/22/2025,93
211970194,1QM8TY6QJ31,7896352869,10/8/2025,5
071923695,2FA6RJ9DT38,9347698059,7/3/2026,87
101003773,8JK2DC7UW24,2986528627,3/14/2026,34
081909146,8Y78A10DG03,3262244392,1/8/2026,2
081205109,2G28HX3QA38,4775197797,4/23/2026,33
065401712,7Q60AF1VG17,4790434508,9/27/2025,74
101000077,5N00Q81ME65,5489298847,10/16/2025,21
325182564,1UH4W14WT36,6781665944,8/19/2026,44
091811253,1YQ9EF4UQ59,0071786503,3/29/2026,27
111312894,8CT4FK2GP45,2499919760,2/5/2026,43
021101470,4E39JD9QC50,9137852175,3/19/2026,54
114914710,5AQ8QP9UE28,4752130904,6/21/2026,98
114902780,2FU5E18CQ77,7298928481,3/5/2026,79
091915311,6UV9V45HD07,8073157721,2/20/2026,69
243373222,8JX9FW0PG31,4065480965,3/1/2026,83
065303085,4W17FY1HN38,5912101592,7/30/2026,36
043317679,4RR8YH5TP74,5830727889,2/12/2026,66
091903695,4Y10QH9GJ31,1229550925,1/3/2026,100
065002108,3GN2UD4EV40,1048499928,7/12/2026,88
091215529,4VE5A42HN93,9496455603,9/11/2026,57
222370440,8TV3JE2AV57,4258640417,12/28/2025,64
111908965,7YC9PP0PU91,4468178507,6/13/2026,64
107005296,1Q09G21EW51,7714762713,6/9/2026,24
091206389,7A23N88RJ88,6139172314,11/18/2025,4
075911205,9WR2F96JY26,4812871336,4/9/2026,56
271070801,2HF8RX8KX19,6139172314,4/28/2026,4
092904774,5MC7CM7QM80,1903445817,12/28/2025,86
051400549,6MD8F30WX07,2499919760,5/2/2026,17
082900487,5UG5AR8TJ29,9143471730,6/7/2026,77
125108382,4FX3TM0UD97,6641412415,7/4/2026,98
107000262,2DV8P57RR37,4034003847,4/25/2026,98
101005690,6QF4DY7NE40,6139172314,1/25/2026,53
073921226,4RH2NR5FU54,0657495980,5/25/2026,44
101000925,8Y09QR0HT97,4775197797,5/25/2026,85
042107602,5YX8DM1QN16,9358649380,10/25/2025,67
081206373,8Y78A10DG03,0106527339,12/12/2025,53
064208194,3ET7Q46VM23,9753531745,2/1/2026,87
111316887,1N76T06CV38,9023993276,10/8/2025,51
063109058,9WD3T88VW28,6139172314,2/17/2026,54
111901564,7NC4KE1UQ99,0071786503,4/22/2026,7
221370030,4HH3P15QY66,7328890886,12/20/2025,21
101102658,2QC3H86RX62,2424677387,10/21/2025,84
073900438,7N66JR0QE71,1126316482,10/31/2025,80
111025013,7R50UG9DK48,0495606529,9/22/2026,39
074903353,7JP7P74GQ03,1738481123,6/12/2026,28
091807254,6D22N82RM40,2499919760,10/16/2025,81
044203850,7MK0CK7FJ41,9484481744,9/20/2026,35
073903325,4V73EE9DC13,9847660905,11/12/2025,92
123000220,5T12CJ0RW31,5912101592,2/1/2026,44
062206295,1FT2JM4YJ13,5000362276,4/7/2026,78
211272504,3GF0HR4QV92,2191245668,11/17/2025,28
081518469,1JQ4Q92VH85,3221204833,11/20/2025,51
107000440,2GT9J25JD44,9779874410,11/23/2025,22
226073895,4W06GG8XX70,1126316482,12/4/2025,99
071908869,5X86YX9XW20,4122763762,2/27/2026,21
103902717,4PR8AT3WD22,4685666976,2/9/2026,75
067007949,3WT5KV0MF68,4020264430,7/3/2026,90
282970437,4RN2WV0DG18,9155002838,9/17/2026,20
067003671,6HH0HT9EJ85,1875861890,7/7/2026,31
051401836,1QM8TY6QJ31,2615103539,11/7/2025,7
125006390,3TJ8R20PT30,9485324227,7/5/2026,8
064201560,1T12T41CH17,7066701550,4/16/2026,4
242272272,5FK8EV1GY70,7575300759,3/26/2026,29
071920559,8YW8XG0RM70,5912101592,7/22/2026,43
075900902,9F23V51VF81,9029220678,9/5/2026,37
051000253,9YH8T65UM12,0093764758,9/22/2026,31
113000023,7MK0CK7FJ41,9804087154,10/28/2025,10
011001234,9R81R02XH38,7497743759,5/22/2026,3
021906934,1N76T06CV38,6766439165,10/15/2025,51
081519002,7PN8NY8TM49,1759353078,12/20/2025,1
101104041,9EV2VD9MD60,7120423762,3/7/2026,84
113014909,2FU5E18CQ77,3791106023,8/8/2026,7
071921794,1Y44CR3HT18,9798029437,1/29/2026,88
061203257,9W35G27NX70,9220726068,4/10/2026,55
272471661,5UG5AR8TJ29,6139172314,7/17/2026,85
242071237,3JH7Q68RD88,9049440193,11/7/2025,2
301171353,7VT2X96VT69,4122763762,2/25/2026,35
256072701,3HD4PR7TN74,1622003004,2/8/2026,95
031301053,7E91RH4QP58,6139172314,2/2/2026,49
082902391,1M16FM9EV74,8897380638,8/28/2026,70
111904859,5CQ9JN5XJ05,7015412284,7/7/2026,91
081518524,9ND8P68NX57,1169385869,8/18/2026,73
322275678,6HY6X34QV80,0593740475,3/6/2026,98
221370616,8VJ8R19DQ75,0552730335,3/2/2026,40
114904979,8YW8XG0RM70,0106527339,1/18/2026,37
122287183,4HM2DU1AK94,2649351594,4/23/2026,37
053112660,8VD9HG2GU63,3449283847,11/23/2025,8
071925169,2PN8EG1AE62,0241640814,1/4/2026,62
067014372,7CN1G15AJ22,9753531745,5/20/2026,65
123103729,8AK5EQ6GQ32,1179767462,9/4/2026,100
073920874,4FT6GD4WT56,0688822371,5/19/2026,40
322270521,6D87KC0VC96,0560274092,8/15/2026,92
052100893,2EN1N47CW28,2301836991,4/27/2026,55
031202084,5RR7PK1FH09,8570964951,5/19/2026,91
103112617,3M47TF5FA73,1496888529,10/28/2025,22
061208126,2C98EW4JN95,8521010133,1/28/2026,9
071126764,7UK9VV1AY53,4775197797,4/27/2026,88
053112068,1UH4W14WT36,0999951114,11/20/2025,97
101901396,2JN7RM9EP10,2499919760,5/22/2026,71
043300712,1WT1D56QC31,2197367943,8/8/2026,36
062003977,8VX2P55AV66,9802676896,9/22/2026,75
101111351,8JX9FW0PG31,6139172314,7/21/2026,8
125007098,9RF4MC4UK94,2499919760,6/14/2026,18
053208095,5JV6Y01YK83,6239839361,2/5/2026,100
071918545,2X90D30PW88,8951563537,12/5/2025,52
041200144,1HX2R02DD55,2426482753,7/5/2026,56
031317636,9ME2F02RH46,1759478806,5/3/2026,75
062204132,1FK6E35VN50,0524013632,5/18/2026,24
011301798,6Y83GM1PM59,3835435620,3/25/2026,49
102201244,6UM3UG7WE10,4775197797,3/9/2026,65
062104520,3UU9AX2XM23,4020264430,4/25/2026,19
121000536,4X31WT7YF07,8750897950,5/19/2026,89
031317380,9K63WR1NP00,3764074574,5/10/2026,60
253184427,8YW8XG0RM70,9306943768,5/15/2026,5
091408734,1DG0AK5EU82,4292602786,10/19/2025,19
111304608,3KN6U87UJ50,0560274092,1/4/2026,16
061120291,3ET7Q46VM23,8178974703,9/30/2025,17
074000162,8UA5KW2EG14,4855770728,11/25/2025,2
063106145,3TU6GV0QX46,3531427091,8/24/2026,15
082907273,3KN6U87UJ50,4464841155,11/10/2025,86
053200983,5P04U22PC50,7283212221,7/10/2026,31
091916161,2MU5EG2QK98,1195257066,3/10/2026,33
082907558,4FH6MH0UE95,1013390253,8/20/2026,54
042100175,4CX2W10HC64,2822645000,9/15/2026,25
265270316,5V80QP1EA89,2499919760,6/14/2026,63
062103453,3HE0T61YQ41,9544237763,8/14/2026,8
051074030,5RQ5XV2GY54,4775197797,11/5/2025,47
084205559,9YR7DX2PW97,1875861890,12/16/2025,9
021300019,1WP2WU1CQ22,1984948628,4/19/2026,28
122203471,5YG0FX1PV90,9570016140,6/27/2026,60
011600570,2C98EW4JN95,9135708727,10/29/2025,34
062201083,8VW7T68RJ13,0400309238,9/7/2026,44
221982156,3QT3MN6TF89,1126316482,1/29/2026,16
021300077,6H19Y67CH00,7661960893,8/16/2026,70
055000110,7N66JR0QE71,7148404606,5/11/2026,67
107005254,7K24N86TV21,6708127075,4/10/2026,30
211170279,3HG9AA6EM14,6641412415,7/12/2026,54
261190649,3W77WC0NR84,1733474013,5/4/2026,60
011100805,4DH0C31NJ70,3110775697,6/29/2026,24
061292433,7WY7WU2KY34,7283877746,8/7/2026,40
042101190,1DG0AK5EU82,2184937312,10/26/2025,24
063110791,4YA7XQ8MX65,9137852175,1/23/2026,78
104113709,8Y78A10DG03,7896352869,8/19/2026,72
091902531,2PT0UU5WT51,9804087154,6/2/2026,50
028000082,6EA1JA2UJ19,5912101592,9/15/2026,45
083906684,2J05HA8DD85,3732390012,11/22/2025,62
322270055,3JH7Q68RD88,8737245856,7/20/2026,15
065304084,1Y44CR3HT18,2766166866,1/12/2026,56
261170546,2QC3H86RX62,7066701550,2/5/2026,27
111917383,4XT4G63UG25,2499919760,9/6/2026,17
265070752,8JX9FW0PG31,8723619538,5/20/2026,41
062003977,2F82TH7PW90,4079634323,5/4/2026,18
112002080,8H42VK8WQ28,5791470622,12/8/2025,11
073900739,5GP5H49UV58,9790813287,4/23/2026,61
053185574,4R35XY7HQ20,5959157535,10/3/2025,64
021204403,5RQ5XV2GY54,6139172314,4/15/2026,14
111907555,5RR7PK1FH09,4752130904,11/8/2025,52
066005502,2N28AV3YF47,0013139665,5/6/2026,91
241070433,2R89J01YC79,1875861890,6/29/2026,74
103106542,5AT1P64FU82,9347698059,7/7/2026,20
091201258,6M59EQ9TK06,4176452099,5/17/2026,27
021200957,7NV6EF8JG56,8570964951,4/27/2026,9
101001018,8YW8XG0RM70,4265818307,9/17/2026,97
122244171,2JE5T53YQ26,0945299842,5/29/2026,86
107002118,8NP3X82TT03,5342100631,11/2/2025,30
101206994,5RQ5XV2GY54,0401456013,4/12/2026,18
061106655,6J93HY6VW64,4752130904,6/20/2026,8
063111596,9EU0WD5RG32,5912101592,6/19/2026,30
063111596,6T44QA3JC10,0583258549,2/11/2026,24
053112385,6V71JE1GC08,6653449521,7/21/2026,10
051074030,2EG0NE6GF10,9023993276,3/24/2026,34
101104494,7YR8DV5QR22,2914800770,2/3/2026,65
075902463,9AT6EN6HX15,2352383412,1/21/2026,48
091016498,4DT6NQ2QY38,2822645000,1/15/2026,24
063113772,1DY8FC5NQ52,6641412415,8/31/2026,26
122244715,8TF3F36VM83,2499919760,1/2/2026,12
064207292,3A02N28RC56,1442271191,12/26/2025,2
275071767,7VU6QM2RR84,5289695311,1/5/2026,69
053102191,3GF0HR4QV92,0050038354,8/9/2026,60
011300605,4W06GG8XX70,9630799782,8/4/2026,75
071926870,8DD1C38WC77,2951572654,11/11/2025,97
055002341,8M12QJ6AR42,6653449521,10/23/2025,81
111303117,4GD8KP5NR30,7410953845,6/12/2026,86
021408704,9YG8UW2RA33,7379986597,12/17/2025,1
272471674,6GQ3K98HK81,8635387791,12/8/2025,3
261170494,1WP2WU1CQ22,6139172314,9/16/2026,24
111024386,4V71AH2FC39,6438072753,3/21/2026,32
107003612,1P62JJ7CH76,4516976145,5/14/2026,73
073921006,8AG4RE4QF24,2499919760,12/2/2025,52
082907273,5P51K17AK63,4775197797,1/7/2026,61
211370493,9WR2F96JY26,2153094488,12/19/2025,37
103912956,5JV6Y01YK83,6854138302,3/22/2026,29
075909660,1DG0AK5EU82,6514381588,10/19/2025,11
082901907,9E83Q61AW97,9753531745,7/25/2026,8
011601443,3P02JD5PC85,3229811798,3/26/2026,90
021172661,9TY4AQ5XG13,2499919760,3/25/2026,43
321070227,5V69AH8JQ55,6139172314,1/29/2026,69
091914820,3ET1DA5QC52,1628289317,10/10/2025,57
063115437,5T12CJ0RW31,4436000419,8/5/2026,81
091311135,2R89J01YC79,7286615254,9/1/2026,24
292970841,1T12T41CH17,4401656881,6/12/2026,72
043309632,3KN6U87UJ50,1292990961,11/2/2025,87
063210125,6GQ3K98HK81,2185781227,8/19/2026,20
242170002,4R35XY7HQ20,5042871748,11/28/2025,67
071921794,8UW0W60NN73,6139172314,1/30/2026,24
322270356,8CT4FK2GP45,4651154123,2/9/2026,15
011402024,1FY0GP1XH70,5912101592,8/8/2026,60
122402052,8VW4WT7QF25,0552920827,10/2/2025,26
101110543,8XC3M07FU43,9891126048,7/7/2026,17
113100745,7U96Y50JY49,1496888529,3/3/2026,96
103110428,8VW7T68RJ13,4006918216,8/9/2026,9
121143118,4TN4GP2TT55,8671803783,6/21/2026,46
075907002,6P89U21YC30,4341819550,12/28/2025,23
113106833,6GQ3K98HK81,4752130904,4/5/2026,79
114911645,8K87F30EY38,6139172314,6/7/2026,73
036001808,6VD2AQ3YX42,2539868010,2/12/2026,34
123307583,5RJ7NY8PQ88,4079634323,12/3/2025,25
075902735,9TT3NF5AT51,2308033754,2/3/2026,61
084006729,5K18AE8RJ72,6139172314,2/23/2026,81
102103009,9CX9K92CG15,1442271191,9/5/2026,6
051408936,1CY2MA0CF61,8232700890,8/27/2026,22
322271779,9GE5WX5KM47,3057511589,7/24/2026,5
103112853,8TV3JE2AV57,2758571501,10/29/2025,86
071103473,5AT1P64FU82,9885998195,6/14/2026,51
053100850,8TV3JE2AV57,9205110191,1/8/2026,8
084003191,3W62PE5TF92,7896352869,8/20/2026,15
091904872,7MG7V42JD52,6653449521,3/31/2026,9
104908257,8VW4WT7QF25,4775197797,1/30/2026,67
242071583,3X57D00EE50,4884604814,8/3/2026,49
104900679,7NC4KE1UQ99,2649351594,11/25/2025,90
121141534,8DD1C38WC77,2301836991,8/9/2026,31
071001737,2AG6HA3JN42,2021116522,9/30/2025,72
113122082,1HX2R02DD55,0560274092,3/2/2026,71
083000108,2HF9ME5XU35,0979530628,1/8/2026,30
211174369,4JP0NA5UA21,6438072753,11/24/2025,67
061308770,5T20MW5XR09,2811740856,10/21/2025,61
071100010,7YC9PP0PU91,8318361741,11/20/2025,94
111308633,6DC3A11TV94,9022458881,6/22/2026,32
111322813,5N69E01KR50,0491177615,5/7/2026,1
055000770,3ET1DA5QC52,1759478806,10/24/2025,74
102103009,8J34XY2FP96,7468411476,8/18/2026,93
