product_id,product_name,category,price
6139172314,Golf Polo Shirt,Clothing - Tops,39.99
4775197797,Hiking Gaiters,Outdoor,29.99
2499919760,Outdoor Picnic Blanket,Outdoor,34.99
0071786503,Inflatable Paddle Board,Outdoor,349.99
9804087154,Electric Milk Frother,Kitchen,19.99
0560274092,Grapes (red),Food - Produce,3.49
5912101592,Coconut Almond Granola,Food - Breakfast,4.99
1496888529,Tea Set with Infuser,Kitchen,34.99
1875861890,Car Vacuum,Automotive,49.99
7896352869,Wooden Blocks,Toys,24.99
4122763762,Strawberry Banana Smoothie Pack,Food - Frozen,4.99
7410953845,Garden Hose,Garden,32.99
2424677387,Mediterranean Olives,Food - Condiments,6.49
0106527339,Pistachio Ice Cream,Food - Frozen Desserts,4.99
8750897950,Smartphone Tripod with Bluetooth Remote,Photography,29.99
8232700890,Air Fryer Oven,Kitchen,149.99
6708417138,Creamy Spinach Dip,Food - Prepared Foods,5.99
8570964951,Non-Toxic Crayons for Kids,Toys,10.99
5202056419,Cushion Covers,Home,35
9753531745,Stuffed Peppers with Quinoa,Food - Prepared Meals,7.99
9347698059,Phone Case,Accessories,14.99
1126316482,Coconut Macaroons,Food - Confectionery,4.99
1759478806,Creative Puzzle Game,Toys,19.99
3926182326,Dog Collar,Pets,15.99
6514381588,Inflatable Party Cooler,Outdoor,19.99
0241640814,Adjustable Pet Feeder,Pets,39.99
3316108033,Chili Lime Corn Chips,Food - Snacks,2.79
9137852175,Reversible Swimming Pool Lounger,Outdoor,34.99
7283212221,Beef Stew Meat,Food - Meat,5.99
1628289317,Frozen Berry Blend,Food - Frozen Foods,4.99
5502905500,Memory Foam Mattress Pad,Home,69.99
4468178507,Mini Cordless Vacuum Cleaner,Home Appliances,45.99
5801567909,Ready-to-Eat Chili,Food - Soups,2.99
6766439165,LED Strip Lights Kit,Home,29.99
0115076077,Fitness Resistance Bands Kit,Fitness,29.99
0657495980,Adjustable Laptop Stand,Office,29.99
6003926384,Magnetic Chess Set,Toys,19.99
0533348978,Vegetarian Chili,Food - Canned Goods,3.99
4079634323,Nutritional Yeast,Food - Pantry,3.59
7066701550,Garden Vegetable Chips,Food - Snacks,3.49
1729200605,Set of Decorative Storage Bins,Home,34.99
1228269769,Honey Garlic Sauce,Food - Sauces,2.59
8073157721,Electric Griddle with Lid,Kitchen,49.99
2765502226,Organic Fruit Salad,Food - Produce,4.49
2185781227,Whipped Cream Cheese,Food - Dairy,2.99
7196876741,Silicone Baking Mat,Kitchen,15.99
0222521716,Sliced Cheese,Food - Dairy,4.49
7148404606,Winter Insulated Jacket,Clothing,89.99
0876088140,Coconut Flakes,Food - Baking,3.29
9436190395,Almond Coconut Granola,Food - Breakfast Foods,3.99
4752130904,Organic Almonds,Food - Nuts,8.99
5122256446,Mini Pretzels,Food - Snacks,2.99
6708127075,Cookbook,Books,27.99
2380058830,Survival Gear Kit,Outdoor,59.99
2431876802,Faux Fur Coat,Clothing - Coats,129.99
3935927290,Salsa,Food - Condiments,3.49
4884604814,Inflatable Pool Float,Outdoor,29.99
5791470622,Multicolored LED Strip Lights,Home,29.99
2615103539,Sweet Potatoes (organic),Food - Vegetables,1.99
3733363248,Paint By Numbers Kit,Art Supplies,24.99
0623720620,Garlic and Herb Rub,Food - Spices,2.29
9205110191,Scented Candles,Home,19.99
2528020384,Yoga Strap,Fitness,12.99
0185357695,Reusable Snack Bags,Kitchen,14.99
2758571501,Chic Jumpsuit,Clothing - Jumpsuits,89.99
9117811880,Instant Pot,Kitchen,89.99
7199307705,Sriracha Sauce,Food - Condiments,3.19
7170521067,Chicken Sausage,Food - Meat,6.99
1759353078,Maple Bacon Popcorn,Food - Snacks,3.49
4568640644,Protein Bar Variety Pack,Food - Snacks,12.99
2986528627,Pet Hair Remover,Pets,9.99
1229550925,Multifunctional Baby Bottle Warmer,Baby,39.99
3835435620,Fitness Foam Roller,Fitness,29.99
4937238965,Classic Pumps,Clothing - Footwear,64.99
9159859830,Electric Fondue Pot,Kitchen,39.99
9790813287,Vegetable and Cheese Quesadillas,Food - Frozen,6.99
8318361741,Pet Water Bottle,Pets,18.99
4401656881,Sweet Potato Fries,Food - Frozen Foods,3.99
2301836991,Tailored Blazer,Clothing - Outerwear,99.99
2426482753,Radish Chips,Food - Snacks,2.89
8951563537,Thai Peanut Noodles,Food - Pasta,4.99
1268787957,Classic Caesar Salad Kit,Food - Salads,4.99
1046125982,Chocolate Almond Milk,Food - Dairy Alternatives,2.79
7283877746,Fridge Magnet Set,Home,15.99
9847660905,Hummus,Food - Snacks,4.29
5723954407,Overnight Hiking Backpack,Outdoor,79.99
2670297048,Strawberry Banana Smoothie Pack,Food - Frozen,4.99
2256241882,Portable Grill Cover,Outdoor,24.99
1442271191,Wireless Earbuds,Audio,69.99
4755973481,Slingback Sandals,Clothing - Footwear,29.99
2766166866,LED Christmas Tree Lights,Home,34.99
4701266329,Classic Caesar Dressing,Food - Condiments,3.49
9544237763,Portable Charger with Solar Panel,Electronics,45.99
9143471730,Lentil Soup,Food - Canned Goods,2.49
3860647660,Natural Peanut Butter,Food - Spreads,4.29
3488617882,Organic Tomato Ketchup,Food - Condiments,3.49
6781665944,Multifunctional Pocket Tool,Tools,19.99
4034003847,DIY Candle Making Kit,Crafts,22.99
9335151181,Black Olives,Food - Canned Goods,1.99
7298246410,Leek and Potato Soup,Food - Soups,3.29
9025475124,Whole Wheat Pasta,Food - Grains,2.49
8418354860,Italian Marinara Sauce,Food - Sauces,3.29
2588445705,Mango Sticky Rice Dessert,Food - Frozen Desserts,4.5
5143977290,Black Bean Soup,Food - Soups,3.49
7468411476,Multi-Cooker,Kitchen,89.99
8712468525,Luxury Bathrobe,Clothing,49.99
0494445963,Whole Grain Mustard,Food - Condiments,3.49
3873540355,Pasta (Fusilli),Food - Pasta,1.79
1618781081,Compressed Towel Tablets,Travel,12.99
8510636923,Spicy Thai Coconut Soup,Food - Soups,3.99
8674337767,Energy Bites,Food - Snacks,3.99
0561635617,Energy Bites,Food - Snacks,3.99
9023993276,Dog Frisbee Toy,Pets,10.99
4265818307,Mediterranean Couscous,Food - Grains,3.59
7625182770,Rice Pudding,Food - Desserts,2.29
2281774708,Thyme,Food - Fresh Produce,2.49
0460474065,BBQ Lentil Chips,Food - Snacks,3.49
0384591337,Orange Ginger Vinaigrette,Food - Condiments,3.99
2649351594,Roasted Sweet Corn,Food - Frozen,1.99
2488872296,Spinach and Feta Wraps,Food - Prepared Foods,4.99
7494425268,Dog Training Collar,Pets,39.99
4698725011,Portable Pet Water Bottle,Pets,18.99
4638533620,Honey Roasted Almonds,Food - Snacks,4.99
9020736647,Personalized Pet ID Tags,Pets,9.99
9600820988,Vegetable Potstickers,Food - Frozen Food,5.99
9281638606,Active Racerback Tank,Clothing - Tops,24.99
0013139665,Portable Solar Charger,Electronics,29.99
5294386909,Fitness Jump Box,Fitness,69.99
9809866186,Laptop Sleeve,Accessories,24.99
5495416430,Crispy Kale Chips,Food - Snacks,2.99
7053848523,Coconut Flakes,Food - Baking,3.29
4771472866,Garlic & Herb Goat Cheese,Food - Dairy,5.49
9046955605,Honey Sesame Chicken Mix,Food - Frozen Meals,8.99
9885998195,Almond Milk Yogurt,Food - Dairy Alternatives,1.99
7561289812,Personal Blender with Travel Cup,Kitchen,39.99
8276437133,Corn Tortillas,Food - Bakery,2.49
7661960893,Pomegranate Juice,Food - Beverages,4.49
7359218225,Compact Portable Grill,Outdoor,79.99
4961844691,Faux Fur Throw Blanket,Home,39.99
7379986597,Under Desk Footrest,Office,29.99
4436000419,Quinoa & Black Bean Salad,Food - Salads,7.49
5841980661,Organic Granola Cereal,Food - Breakfast,5.99
8745747121,Self-Inflating Camping Mattress,Outdoor,49.99
4031963122,Herb Garlic Butter,Food - Condiments,3.99
3552952292,Fleece Lined Leggings,Clothing,29.99
2184891088,Rustic Italian Breads,Food - Bakery,3.99
5511480746,Manual Coffee Grinder,Kitchen,22.99
1427915288,Canned Sardines,Food - Seafood,3.29
7545353064,V-Neck Sweater,Clothing - Tops,49.99
3123724328,Outdoor Folding Table,Outdoor,39.99
4434950886,Manual Coffee Grinder,Kitchen,22.99
2225160120,LED Makeup Mirror,Beauty,39.99
0860909557,Chili Lime Seasoning,Food - Spices,2.99
4380812502,Coconut Rice,Food - Frozen,2.29
2642027120,Organic Baby Carrots,Food - Fresh Produce,2.99
8626093276,Classic Black Dress,Clothing - Dresses,79.99
1970048913,Turmeric Ginger Tea,Food - Beverages,3.29
5439819452,Coffee Maker,Kitchen,89.99
0522652174,Portable Solar Charger,Electronics,29.99
4586611014,Fleece Lined Leggings,Clothing,29.99
4207819150,Air Purifier,Home,129.99
1903445817,Chocolate Chip Muffins,Food - Bakery,3.99
3006492226,Pineapple Coconut Bars,Food - Snacks,3.79
1179767462,Tennis Racket,Fitness,89.99
2601803320,Matcha Green Tea Powder,Food - Beverages,14.99
2184937312,LED Table Lamp,Home,29.99
5000362276,Mango Chia Pudding,Food - Snacks,4.49
0495606529,Electric Food Slicer,Kitchen,99.99
8002139542,Teriyaki Chicken Stir-Fry,Food - Frozen Foods,6.99
0400309238,Handmade Soap Making Kit,Crafts,34.99
7684620150,Sweet Corn,Food - Canned Goods,1.5
5503588045,Leek and Potato Soup,Food - Soups,3.29
4855770728,Black Bean & Corn Salad,Food - Salads,3.99
0422017221,Chocolate Hazelnut Granola,Food - Cereal,4.49
1583325786,Patterned Knit Scarf,Clothing - Accessories,25.99
4733983565,Banana Peanut Butter Smoothie,Food - Frozen Foods,5.49
1429017937,Magnetic Phone Case,Accessories,19.99
9155002838,Electric Toothbrush Holder,Health,14.99
0524013632,Ethical Wool Scarf,Clothing - Accessories,29.99
9274471858,Thermostatic Shower Valve Kit,Bathroom,39.99
1323236066,Hand Mixer,Kitchen,29.99
2240840072,Teriyaki Chicken Bowl,Food - Prepared Meals,6.49
9358649380,Sparkling Blood Orange Soda,Food - Beverages,1.99
9443416069,Yoga Blocks,Fitness,29.99
8632691457,Maple Bacon Popcorn,Food - Snacks,3.49
0401456013,Savory Oats,Food - Breakfast,2.49
6256063767,Lentil Soup,Food - Canned Goods,2.49
7714762713,Cranberry Pecan Granola,Food - Breakfast Foods,3.99
2849645125,Garden Hose Reel,Garden,49.99
3760678157,Luxury Memory Foam Mattress Topper,Home,129.99
3881018417,Elderberry Syrup Kit,Health,22.99
6854138302,Pretzel Bites,Food - Snacks,4.99
0431828105,Dark Chocolate Covered Pretzels,Food - Snacks,3.99
3714312692,Oatmeal Raisin Cookies,Food - Baked Goods,3.49
1567023452,Cranberry Pecan Granola,Food - Breakfast Foods,3.99
9086231225,Sweet and Spicy Barbecue Sauce,Food - Condiments,3.99
5661189184,Adjustable Kitchen Broom Stand,Home,14.99
5766768591,Utility Cargo Pants,Clothing - Pants,54.99
8774028774,Digital Wireless Camera,Home Security,199.99
9049440193,Oatmeal Raisin Cookies,Food - Baked Goods,3.49
9777563426,Digital Thermostat,Home,59.99
6667165598,Portable Solar Charger,Electronics,29.99
0222914912,Laptop Stand,Accessories,29.99
4002564746,Homestyle Chicken Noodle Soup,Food - Canned Goods,2.99
7573774583,Premium Flashlight,Outdoor,19.99
4685666976,Non-Toxic Concrete Sealer,Home Improvement,39.99
7852043836,Digital Meat Thermometer,Kitchen,24.99
7120423762,Habanero Hot Sauce,Food - Condiments,3.79
0572828527,Sweet Chili Dipping Sauce,Food - Condiments,2.99
4044140332,Tactical Backpack,Outdoor,59.99
9723043947,Bamboo Cutting Board Set,Kitchen,34.99
0944987044,Set of Silicone Cooking Utensils,Kitchen,29.99
0731765281,Grass Fed Beef Patties,Food - Meat,9.99
8211132761,Peach Preserves,Food - Condiments,3.79
2224727321,Interactive Robot Toy,Toys,34.99
5546450738,Sweet Pea Hummus,Food - Dips,4.29
7406985819,Mixed Nuts,Food - Snacks,5.99
1136873546,Organic Tomato Ketchup,Food - Condiments,3.49
3171477084,Buffalo Cauliflower Wings,Food - Frozen Foods,6.99
1119779804,Outdoor String Lights,Outdoor,24.99
2812032480,Chicken Breasts,Food - Meat,9.99
3341993746,Sliced Avocado,Food - Produce,2.79
2853360997,Outdoor Fire Pit,Outdoor,149.99
6897179655,Bluetooth Car Adapter,Automotive,24.99
5489298847,Beef Jerky,Food - Snacks,5.99
4102481001,Coconut Chips,Food - Snacks,3.59
6327513778,Pasta Primavera Kit,Food - Meal Kits,7.49
0354797034,Oven-Baked Cheese Crisps,Food - Snacks,3.99
3941001264,Organic Spinach,Food - Produce,2.99
5989695357,High-Waisted Skirt,Clothing - Bottoms,34.99
8462788455,Induction Cooktop,Kitchen,89.99
9029220678,Fashionable Fanny Pack,Clothing - Accessories,24.99
0683673912,Baked Falafel Balls,Food - Frozen Vegetables,5.99
7442778348,Noise Reduction Headphones,Audio,39.99
9617998467,Basil Lemonade,Food - Beverages,2.99
2871185700,Kids Tablet,Electronics,129.99
2402557621,Sweet Cherry Tomatoes,Food - Produce,2.99
5643149125,Handcrafted Wooden Coasters,Home,19.99
1284135047,Outdoor Adventure Kit,Outdoor,89.99
5342100631,Teriyaki Stir-Fry Sauce,Food - Condiments,3.49
6438072753,Oats,Food - Grains,3.29
8804200065,Camping Tent,Outdoor,79.99
7574546614,Classic Leather Wallet,Clothing - Accessories,34.99
1157460240,Backpack,Accessories,49.99
2539868010,Patterned Knit Scarf,Clothing - Accessories,25.99
0904997332,Vegetarian Chili,Food - Canned Goods,3.99
5331791786,Buttermilk Pancakes,Food - Breakfast,3.99
3111028933,Pumpkin Spice Muffins,Food - Bakery,3.99
4020264430,Pumpkin Pancake Mix,Food - Breakfast,4.19
6589633320,Balsamic Salad Dressing,Food - Deli,2.99
7119745360,Smart Light Switch,Smart Home,29.99
9567163715,Portable Folding Picnic Table,Outdoor,69.99
7269820759,Cookbook,Books,27.99
4882264625,Wall Art,Home,45
5388165221,Running Shorts,Clothing - Activewear,34.99
8569432704,Flavored Popcorn Mix,Food - Snacks,2.99
3164460589,Herbed Chicken Breast,Food - Meat,7.99
0354382098,Basmati Rice,Food - Grains,5.79
8723619538,USB Flash Drive,Storage,9.99
3449283847,Multi-Purpose Marine Rope,Outdoor,19.99
6576478763,Pumpkin Spice Latte Mix,Food - Beverages,3.29
3799013792,Smart Scale,Health,59.99
7096924213,Coconut Oil,Food - Oils & Vinegars,6.49
5715928990,Teriyaki Chicken Bowl,Food - Prepared Meals,6.49
4341819550,Coconut Curry Chicken,Food - Frozen Foods,9.99
9624117330,Garden Hoses with Expandable Features,Garden,34.99
1169385869,Sriracha Sauce,Food - Condiments,3.19
0530481529,3D Night Light,Home,19.99
9312513109,Caribbean Jerk Marinade,Food - Marinades,3.79
6722396533,Herb Seasoned Rice,Food - Sides,2.99
4065480965,Classic Beef Chili,Food - Canned Goods,7.99
8985661191,Wrap Front Midi Skirt,Clothing - Bottoms,44.99
2393018875,Smartphone Photography Tripod,Electronics,29.99
2361599074,Pet Hair Vacuum Cleaner Attachment,Pets,14.99
8259888793,Herbal Garden Starter Kit,Garden,24.99
5884739346,Spicy Kimchi,Food - Condiments,4.79
9798029437,Running Shorts,Clothing - Activewear,34.99
7052913801,Maple Pecan Pancake Mix,Food - Breakfast,4.99
8267277730,Vegetable Broth,Food - Canned Goods,2.29
3556062127,Wireless HDMI Transmitter,Electronics,79.99
0646141880,Portable Pet Stroller,Pets,89.99
3940640778,Organic Vanilla Bean Ice Cream,Food - Frozen Desserts,5.99
8635387791,Samoas Cookie Mix,Food - Baking,5.59
5593996326,Herbal Tea Variety Pack,Food - Beverages,4.99
8219263601,Outdoor Mosquito Repellent Lantern,Outdoor,34.99
0167631470,Camera Lens Cleaning Kit,Photography,14.99
3110775697,Sea Salt Caramel Brownie,Food - Bakery,2.49
3531432400,Leather Notebook Cover,Office,29.99
0441442293,Peach Mango Smoothie Mix,Food - Beverages,5.99
6641412415,Crafting Kit,Art Supplies,29.99
1348092246,Almond Quinoa Salad,Food - Salads,5.99
3435087390,Multi-Functional Rice Cooker,Kitchen,49.99
5289695311,Faux Fur Coat,Clothing - Coats,129.99
8290171579,Magnetic Screen Door,Outdoor,24.99
0034262466,Black Bean & Corn Salad,Food - Salads,3.99
2191245668,Peanut Butter Banana Smoothie,Food - Beverages,3.99
1255325364,Wrap Jumpsuit,Clothing - Jumpsuits,54.99
3334709809,Compressed Towel Tablets,Travel,12.99
8727830632,Cookbook,Books,27.99
7869636177,Frozen Chicken Nuggets,Food - Frozen Foods,4.49
0842700315,Fruit and Nut Medley,Food - Snacks,5.99
6716966552,Smart Home Hub,Smart Home,99.99
0662657365,Garden Vegetable Chips,Food - Snacks,3.49
3885538989,Smart WiFi Plug,Smart Home,19.99
8361719385,Cranberry Lime Sparkling Water,Food - Beverages,1.5
9802676896,Sliced Avocado,Food - Produce,2.79
3927446882,Mushroom Soup (canned),Food - Canned Goods,2.49
6326203791,Crispy Rice Treats,Food - Snacks,3.5
5959157535,Motion Sensor Light,Home,19.99
8612609151,Fitness Jump Rope,Fitness,15.99
7269304696,Siphon Coffee Maker,Kitchen,49.99
4230987641,Multicolored LED Strip Lights,Home,29.99
9630799782,Adjustable Resistance Bands,Fitness,39.99
4850642918,Portable Air Conditioner,Home Appliances,299.99
9424335946,Classic Caesar Salad Kit,Food - Salads,4.99
8797661724,Whole Roasted Chicken,Food - Meats,9.99
6158624152,Andouille Sausage,Food - Meat,5.49
5497174027,Crew Neck Sweater,Clothing - Sweaters,39.99
0694209988,Truffle Parmesan Fries,Food - Snacks,4.99
2268661644,Rice Cakes,Food - Snacks,2.29
7241367499,Red Lentil Pasta,Food - Pasta,3.99
9879222105,Camera Tripod,Photography,49.99
1718840330,Cocktail Shaker Set,Kitchen,29.99
8826274010,Biodegradable Trash Bags,Home,12.99
6980283987,Gardening Kneeler and Seat,Garden,39.99
2500000052,Microfiber Cleaning Cloth Set,Home,9.99
3852790263,Plant Growing Kit,Garden,22.99
5688399465,Teriyaki Beef Strips,Food - Frozen Meals,7.49
2098292309,Toilet Paper (12 rolls),Food - Household,8.99
9261216994,Heavy-Duty Utility Tote,Accessories,34.99
9227483276,Smartphone Tripod with Remote,Photography,29.99
2914800770,Portable Folding Picnic Table,Outdoor,69.99
7575300759,Fried Rice,Food - Frozen Foods,4.29
6746432114,Whole Wheat Pita Bread,Food - Bread,2.79
3246719500,Peanut Butter Pretzel Nuggets,Food - Snacks,3.29
4020840997,Zucchini Noodle Pasta,Food - Vegetables,3.99
7574571147,Tomato Basil Pasta Sauce,Food - Sauces,3.99
9383898658,Balsamic Vinegar,Food - Condiments,4.99
6627465248,Magnetic Curtain Tiebacks,Home,12.99
9492769425,Smart Thermos,Fitness,39.99
1178014789,Herbal Tea Variety Pack,Food - Beverages,4.99
5166605276,Kitchen Scale,Kitchen,19.99
4516976145,Spicy Tuna Sushi Kit,Food - Prepared Meals,8.99
1225459850,Travel Mug,Kitchen,18.99
1221084852,Classic Beef Chili,Food - Canned Goods,7.99
2798602637,Silicone Cooking Utensils Set,Kitchen,34.99
7884656655,High-Speed Blender,Kitchen,99.99
5640799889,Paint By Numbers Kit,Art Supplies,24.99
7987981796,Turkey Bacon,Food - Meat,3.99
2490598287,Chocolate Coconut Protein Balls,Food - Snacks,2.99
2119842760,Cheesy Cauliflower Bake,Food - Frozen Vegetables,5.49
4352243280,Garlic Breadsticks,Food - Sides,3.49
2995207285,Nutty Quinoa Salad,Food - Salads,4.99
3479731392,Honey Glazed Carrots,Food - Produce,3.49
0766952258,Lightweight Rain Jacket,Clothing - Outerwear,79.99
4484890135,Pet First Aid Kit,Pets,29.99
4937631179,Garlic and Herb Rub,Food - Spices,2.29
6301810333,Tailored Blazer,Clothing - Outerwear,99.99
1622003004,Caramel Sauce,Food - Condiments,3.49
6369496138,High-Speed Hand Blender,Kitchen,39.99
0491177615,Organic Sweet Potatoes,Food - Produce,1.99
0619580844,Leather Crossbody Bag,Clothing - Bags,89.99
3106680008,Bamboo Cutting Board Set,Kitchen,34.99
8629866039,Classic Pesto Sauce,Food - Sauces,4.29
4627763867,Granola Bars,Food - Snacks,4.99
9370047662,Sliced Cucumbers,Food - Produce,1.29
0613547381,Knitted Infinity Scarf,Clothing - Accessories,29.99
8362524804,Wild Rice & Quinoa Mix,Food - Grains,2.99
4559731047,Portable Solar Phone Charger,Electronics,29.99
3127355483,Digital Thermostat,Home,59.99
3855758697,Insulated Wine Tote,Accessories,24.99
2812404221,Apricot Jam,Food - Condiments,4.29
4894251345,Bodyweight Resistance Bands,Fitness,22.99
1292990961,Strawberry Banana Smoothie Pack,Food - Frozen,4.99
8466656596,Maple Bacon Popcorn,Food - Snacks,3.49
2197367943,Slim Wallet,Accessories,24.99
1137413360,Organic Coconut Sugar,Food - Baking Goods,4.19
6948600980,Silicone Baking Mat,Kitchen,15.99
9260488311,Ripped Boyfriend Jeans,Clothing - Bottoms,54.99
0552920827,Honey Nut Cheerios,Food - Cereal,4.29
2538737141,Pesto Genovese,Food - Condiments,6.49
4658125986,Personalized Keychain,Accessories,10.99
2236729537,Chili Garlic Sauce,Food - Condiments,2.49
1447982231,Smashed Avocado with Lime,Food - Condiments,2.49
6174257851,Self-Adhesive Wallpaper,Home,34.99
0357384040,Cinnamon Sugar Donuts,Food - Bakery,4.99
2308033754,Pesto Genovese,Food - Condiments,6.49
7987296910,Chocolate Syrup,Food - Condiments,2.99
8284001136,Fresh Cilantro,Food - Produce,1.49
7015412284,Lemon Pepper Seasoning,Food - Seasonings,3.29
3453910427,Nordic Berry Smoothie,Food - Frozen Foods,3.99
3350892272,Electric Razor,Health,59.99
6481237408,Non-Toxic Concrete Sealer,Home Improvement,39.99
2445450780,Set of Decorative Storage Bins,Home,34.99
9696887825,Classic Pumps,Clothing - Footwear,64.99
3732390012,Frozen Mixed Berries,Food - Frozen Foods,5.99
9127045056,Chili Lime Shrimp,Food - Seafood,8.99
8911707902,Coconut Flakes,Food - Baking,3.29
4006918216,Shoe Organizer,Home,39.99
7657511346,Multi-Port USB Hub,Electronics,19.99
6158566152,Water Bottle with Built-in Fruit Infuser,Fitness,18.99
8387325473,Crispy Potato Tots,Food - Frozen Foods,3.69
5037833493,Banana Chips,Food - Snacks,1.99
2501871782,Utility Cargo Pants,Clothing - Pants,54.99
3955444279,Backpacking Tent,Outdoor,109.99
1794697020,Banana Peanut Butter Smoothie,Food - Frozen Foods,5.49
2811740856,Coconut Chia Pudding,Food - Dairy,3.49
0050038354,Banana Chips,Food - Snacks,1.99
1186423463,USB Wall Charger,Accessories,19.99
3449050419,Tortilla Chips,Food - Snacks,2.99
5983457829,Garlic & Herb Goat Cheese,Food - Dairy,5.49
2992230901,Roasted Garlic Butter,Food - Condiments,3.29
9891126048,Mango Sticky Rice Dessert,Food - Frozen Desserts,4.5
7497743759,Decorative Throw Blanket,Home,39.99
0538621109,Multi-Purpose Plant Care Tool,Garden,24.99
5204006923,Lemon Pepper Seasoning,Food - Seasonings,3.29
6653449521,Black Bean Salsa,Food - Snacks,3.49
1279470615,Vegetable Stock,Food - Cooking Essentials,2.49
8351816418,Peach Mango Smoothie Mix,Food - Beverages,5.99
4872384121,Plant Watering Spikes,Garden,12.99
5943229248,Mango Sticky Rice Dessert,Food - Frozen Desserts,4.5
9288475257,Travel Yoga Mat,Fitness,34.99
9869913431,High-Quality Yoga Mat,Fitness,34.99
9854684954,Fishing Tackle Box,Outdoor,24.99
5681128954,Mediterranean Olives,Food - Condiments,6.49
5539956729,Smartphone Gimbal Stabilizer,Photography,89.99
2217647555,Safety Pin Dispenser,Office,5.99
9143127673,Portable Pet Bathing Tool,Pets,29.99
9485324227,Cinnamon Sugar Tortilla Chips,Food - Snacks,3.29
5054302727,Two-Tone Windbreaker,Clothing - Outerwear,59.99
9306943768,Vegan Cheese,Food - Dairy Alternatives,4.99
6437266473,Fitness Tracker,Fitness,49.99
4152323957,Pumpkin Waffles,Food - Breakfast,4.49
0810226375,Electric Rice Cooker,Kitchen,39.99
7160234421,Over-The-Door Shoe Organizer,Home,25.99
6749164692,Honey Butter Popcorn,Food - Snacks,2.99
8300302549,Leather Wallet,Accessories,49.99
4277826644,Kale Caesar Salad Kit,Food - Salads,5.99
9124017167,Satin Slip Dress,Clothing - Dresses,59.99
4258640417,V-Neck Sweater,Clothing - Tops,49.99
3057511589,Garden Vegetable Chips,Food - Snacks,3.49
0212633422,Outdoor Fire Pit,Outdoor,149.99
5042871748,Mini Waffle Maker,Kitchen,24.99
1838964045,Chic Ankle Strap Heels,Clothing - Shoes,69.99
8445330977,Overnight Hiking Backpack,Outdoor,79.99
1500024937,Compact Shoe Rack,Home,34.99
5733201401,Portable Hand Warmer,Accessories,24.99
1048499928,Emergency Preparedness Kit,Safety,99.99
4566928233,Rainbow Veggie Chips,Food - Snacks,3.29
9785288587,Coconut Lime Rice,Food - Sides,2.99
8076066042,Organic Coconut Oil,Food - Oils,8.99
7024303808,Set of Decorative Storage Bins,Home,34.99
9578358431,Dog Collar,Pets,15.99
7298928481,Cork Yoga Mat,Fitness,39.99
9022458881,Laptop Backpack,Accessories,69.99
5664813555,Fruit & Nut Trail Mix,Food - Snacks,4.99
8620133616,Wildflower Honey,Food - Condiments,4.99
0824398459,Comfy Slippers,Footwear,29.99
7150109934,Non-Stick Grill Mat,Outdoor,19.99
4785516542,Pesto Genovese,Food - Condiments,6.49
7503515414,Pomegranate Juice,Food - Beverages,4.49
9493465217,Air Fryer Oven,Kitchen,149.99
0267433794,Rechargeable Electric Screwdriver,Tools,39.99
5977809972,Home Delivery Food Journal,Health,14.99
3620728070,Cocoa Powder,Food - Baking,3.99
9651617519,Almond Flour Brownies,Food - Baking,5.99
7335177103,Rechargeable Electric Toothbrush,Health,49.99
1618549162,Pet Food Storage Container,Pets,24.99
0443409811,Tailored Dress Pants,Clothing - Bottoms,79.99
7121956268,Zesty Cilantro Lime Dressing,Food - Condiments,3.29
8737245856,Multi-Cooker,Kitchen,89.99
7036604336,Frozen Mixed Berries,Food - Frozen Foods,5.99
7186493378,Sweet Potatoes (organic),Food - Vegetables,1.99
4651154123,Garlic Herb Seasoning,Food - Spices,1.99
1552143015,Pine Nuts,Food - Nuts,7.99
7863685818,Honey Ginger Tea,Food - Beverages,2.99
3898240177,Maple Almond Yogurt,Food - Dairy,1.89
0479192855,Butternut Squash Soup,Food - Soups,3.49
5585143832,Classic Black Trousers,Clothing - Pants,54.99
6994259943,Gardening Gloves with Claws,Garden,24.99
7622070963,Classic White T-Shirt,Clothing - Tops,19.99
1926261453,Maple Cinnamon Almonds,Food - Nuts,4.29
1195257066,Thai Coconut Curry Sauce,Food - Condiments,3.99
1297122216,Wooden Children's Play Kitchen,Toys,129.99
3483133933,Waffle Maker,Kitchen,39.99
9496455603,Coconut Cream Pie,Food - Bakery,9.49
9273387454,Peanut Butter Pretzel Nuggets,Food - Snacks,3.29
9158998616,V-Neck Sweater,Clothing - Tops,49.99
5423852137,Graphic Tee,Clothing,19.99
8573510323,Fruit and Nut Bars,Food - Snacks,1.99
0258791136,Cold Brew Coffee Concentrate,Food - Beverages,7.99
9725883640,Vintage Button-Down Shirt,Clothing - Shirts,45.99
0282509194,Herb Seasoned Couscous,Food - Grains,2.49
1804314498,Sweet and Spicy Barbecue Sauce,Food - Condiments,3.99
9275550263,Nut Butter Cups,Food - Snacks,3.99
5491111821,Electric Pressure Cooker,Kitchen,89.99
0675676665,Eco-Friendly Cleaning Cloths,Home,12.99
6159790439,Maple Bacon Popcorn,Food - Snacks,3.49
3229811798,Apple Cinnamon Granola,Food - Breakfast,4.49
2379229597,Premium Flashlight,Outdoor,19.99
4957090904,Cucumber Lime Sparkling Water,Food - Beverages,1.49
6289580108,Artisan Flatbreads,Food - Bakery,2.99
5170231237,Trackpad for Laptop,Accessories,49.99
9412576552,Nutty Quinoa Salad,Food - Salads,4.99
0583258549,Mini Hand Gesture Drone,Toys,29.99
4812871336,Coffee Grinder,Kitchen,39.99
2417434989,Buffalo Style Cauliflower Bites,Food - Frozen Vegetables,5.49
7730842025,Rustic Italian Breads,Food - Bakery,3.99
6000087284,Hot Dog Buns,Food - Bakery,2.49
7978936422,Coconut Oil Spray,Food - Cooking Oils,4.99
1295860619,Hand Crank Blender,Kitchen,18.99
4790434508,Car Escape Tool,Automotive,12.99
5989024053,Non-Stick Baking Sheet,Kitchen,18.99
1422583090,Inflatable Paddle Board,Outdoor,349.99
2600857052,Terry Cloth Robe,Clothing - Loungewear,59.99
9356478872,Weighted Jump Rope,Fitness,15.99
4766159403,Garden Hose Reel,Garden,49.99
0622737961,Travel Beach Blanket,Outdoor,29.99
1332171524,Sweet Cherry Tomatoes,Food - Produce,2.99
9525181928,Coconut Chips,Food - Snacks,3.59
8339813641,Fitness Tracker Watch,Wearable Tech,79.99
5827013250,Peanut Butter Banana Smoothie,Food - Beverages,3.99
4311540817,Protein Pancake Mix,Food - Breakfast,3.99
9770256412,Maple Cinnamon Almonds,Food - Nuts,4.29
8316013347,Shatterproof Wine Glasses,Outdoor,24.99
9411357989,Lightweight Rain Jacket,Clothing - Outerwear,79.99
3267814030,Cinnamon Rolls,Food - Bakery,4.49
8158997066,Kid's Fruit Snacks,Food - Snacks,2.49
2709887401,Pumpkin Ice Cream,Food - Frozen Foods,4.99
1740706269,Chickpea Salad,Food - Prepared Foods,5.49
3619506183,Luminous Night Light,Home,15.99
1633073246,Smart Water Bottle,Fitness,39.99
1507956673,Coconut Chia Seed Pudding,Food - Snacks,2.99
9298320876,Italian Sausage and Peppers,Food - Meat,8.99
7841624484,Stainless Steel Water Bottle,Fitness,25.99
5472077354,Red Lentil Pasta,Food - Pasta,3.99
1358071918,Garden Tool Belt,Garden,22.99
8500988509,Harvest Grain Salad,Food - Salads,5.49
8113563709,Sweet Chili Sauce,Food - Condiments,2.99
7312481167,Peanut Butter,Food - Condiments,3.79
4015383427,Elegant Maxi Skirt,Clothing - Bottoms,44.99
0304956902,Cinnamon Ice Cream,Food - Frozen Desserts,4.99
9576839084,Chipotle Black Bean Burger,Food - Meats,4.99
9835463107,Organic Almonds,Food - Nuts,8.99
1078415161,Raspberry Vanilla Greek Yogurt,Food - Dairy,3.49
8844517434,Electric Rice Cooker,Kitchen,39.99
4680216441,Pineapple Chunks (canned),Food - Fruits,2.29
7530474189,Insulated Coffee Mug,Kitchen,24.99
9519953973,Camera Tripod,Photography,49.99
5208657643,Portable Dog Water Bottle,Pets,18.99
7053974669,Chewy Granola Bars,Food - Snacks,3.49
8550432482,Creamy Ranch Dressing,Food - Dressings,2.49
4696180085,Dog Car Seat Cover,Pets,39.99
5877538934,BBQ Jackfruit,Food - Prepared Foods,4.29
5387619237,Bamboo Utensil Set,Kitchen,14.99
8591572548,Maple Glazed Carrots,Food - Prepared Foods,3.29
9906322128,Trackpad for Laptop,Accessories,49.99
9038065469,Smart Wi-Fi Light Bulbs,Smart Home,19.99
6083036607,Green Smoothie Mix,Food - Beverages,5.99
8271993410,Ankle Boots,Clothing - Footwear,89.99
7437177129,Creamy Garlic Dressing,Food - Condiments,3.99
6001356327,Multi-Purpose Marine Rope,Outdoor,19.99
1782979344,Kale Salad Kit,Food - Salads,4.99
8434616483,Spicy BBQ Sauce,Food - Condiments,3.99
4520751748,Travel Laundry Bag,Travel,9.99
6235235615,Set of Decorative Storage Bins,Home,34.99
4679440902,Mediterranean Chickpea Salad,Food - Salads,5.99
6152411432,Almond Coconut Granola,Food - Breakfast Foods,3.99
8687372639,Foldable Yoga Mat Carry Bag,Fitness,18.99
3767704951,Lemon Herb Grilled Chicken,Food - Meat,9.99
6415128973,Peach Yogurt,Food - Dairy,1.29
6239839361,LED Makeup Mirror,Beauty,39.99
8521010133,Organic Coconut Water,Food - Beverages,2.79
9707604891,Laptop Sleeve,Accessories,24.99
8647902394,Nutty Quinoa Salad,Food - Salads,4.99
0679758445,Dried Cranberries,Food - Snacks,4.29
5830727889,Reusable Silicone Food Storage Bags,Kitchen,19.99
2822645000,Toy Building Set,Toys,29.99
3113720044,Apple Cinnamon Granola,Food - Breakfast,4.49
4831118435,Backpacking Tent,Outdoor,109.99
2153094488,Mango Chutney,Food - Condiments,3.99
9713736427,Grass Fed Beef Patties,Food - Meat,9.99
7779009467,Portable Solar Camp Shower,Outdoor,29.99
5436378447,Peach Mango Smoothie Mix,Food - Beverages,5.99
2706851988,DIY Candle Making Kit,Crafts,22.99
0026605562,Basketball,Sports,29.99
7568786749,Quinoa and Kale Salad Kit,Food - Salads,5.29
2893027059,Whole Chicken,Food - Meat,12.99
6989254653,Party Mini Dress,Clothing - Dresses,69.99
2824078820,Popcorn Chicken,Food - Frozen,6.49
3740748036,Classic Cheesecake Mix,Food - Desserts,4.99
9970542036,Pepperoni Pizza Rolls,Food - Snacks,6.99
8897380638,Vegetable Samosas,Food - Frozen,4.99
3909334229,Chia Seed Pudding Mix,Food - Breakfast,4.19
3555453637,Maxi Wrap Dress,Clothing - Dresses,49.99
0876647840,Fitness Tracker Watch,Wearable Tech,79.99
5450730349,Eco-Friendly Beeswax Wraps,Kitchen,14.99
6476962604,Vegan Caesar Dressing,Food - Condiments,3.99
6552506155,Juice Extractor,Kitchen,99.99
7839434754,Pecan Nuts,Food - Snacks,6.49
8558001634,Chocolate Peanut Butter Cups,Food - Snacks,2.29
9190743407,Savory Oatmeal,Food - Breakfast,2.49
4138053506,Slingback Sandals,Clothing - Footwear,29.99
5039025254,Electric Heating Pad,Health,20.99
8188907200,Sweet Potato Fries,Food - Frozen Foods,3.99
7849749081,Hiking Gaiters,Outdoor,29.99
7283618333,Vegetarian Pizza,Food - Frozen Foods,5.49
1600682448,Classic Caesar Dressing,Food - Condiments,3.49
1015039332,Blueberry Oatmeal Cups,Food - Breakfast,3.29
9349983370,Peach Mango Smoothie Mix,Food - Beverages,5.99
6942982679,Pet Grooming Brush,Pets,19.99
2484818343,Cotton Basic Tank,Clothing - Tops,14.99
1052815944,Artisan Bread,Food - Bakery,4.59
1773391887,Pet Grooming Brush,Pets,19.99
2290851426,Cinnamon Sugar Tortilla Chips,Food - Snacks,3.29
1738481123,Handmade Leather Wallet,Accessories,49.99
7043277388,Sports Bottle,Fitness,15.99
9696631111,Bamboo Utensil Set,Kitchen,14.99
4475042143,Pet Grooming Glove,Pets,12.99
6183602140,Freestanding Wine Rack,Home,79.99
9901467640,Multi-Cooker,Kitchen,89.99
0684398389,Heart-Shaped Baking Molds,Kitchen,10.99
9013874118,Chopping Board,Kitchen,29.99
9135708727,Sliced Provolone Cheese,Food - Dairy,3.99
3090463784,High-Quality Yoga Mat,Fitness,34.99
3511644321,Chili Beans in Sauce,Food - Canned Goods,1.79
3484662476,Silicone Baking Mats,Kitchen,19.99
7982160360,Ceramic Non-Stick Frying Pan,Kitchen,39.99
2057927482,Kids' Outdoor Explorer Kit,Toys,24.99
1166038580,Ribbed Knit Dress,Clothing - Dresses,59.99
7972058253,Organic Black Bean Burger,Food - Frozen Foods,4.49
7113322301,Breathable Face Mask Set,Health,14.99
9893000300,Compact Dishwasher,Home Appliances,299.99
3764074574,Pet Travel Bowl,Pets,10.99
6735316118,Sparkling Blood Orange Soda,Food - Beverages,1.99
2238395636,Cold Brew Coffee Maker,Kitchen,34.99
1013390253,Handmade Soap Making Kit,Crafts,34.99
1165809060,Pecan Nuts,Food - Snacks,6.49
5450299613,Surimi Crab Sticks,Food - Seafood,4.19
4468677589,Sweet Chili Dipping Sauce,Food - Condiments,2.99
0937122629,Cinnamon Sugar Mix,Food - Baking,1.49
3916316214,Nail Polish Set,Beauty,25
4043506953,Microfiber Cleaning Cloth Set,Home,9.99
2438700440,Portable Camping Shower,Outdoor,39.99
4852218714,Bamboo Charcoal Air Purifier Bags,Home,12.99
4089754984,Organic Coconut Yogurt,Food - Dairy,4.49
5865662864,Fleece Hoodie,Clothing - Outerwear,39.99
0196988837,Cinnamon Ice Cream,Food - Frozen Desserts,4.99
1473189098,Fruit Infuser Water Bottle,Fitness,15.99
2951572654,Couscous,Food - Grains,2.49
7695264148,Handmade Leather Wallet,Accessories,49.99
2374070247,Peanut Butter Filled Pretzels,Food - Snacks,3.99
4464841155,Mini Waffle Maker,Kitchen,24.99
4502055506,Non-Toxic Concrete Sealer,Home Improvement,39.99
7721450306,Mini Projector,Electronics,169.99
0548769397,Honey Mustard Pretzel Bites,Food - Snacks,3.99
8964328604,Garlic and Herb Cream Cheese,Food - Dairy,3.49
1866522396,Picnic Blanket,Outdoor,29.99
2465315587,Electrolyte Water Bottle,Fitness,34.99
9756228245,Pet Leash,Pets,15.99
5903879276,Baked Mac and Cheese,Food - Frozen Foods,5.99
4924698172,USB Flash Drive,Storage,9.99
0208501541,Fashionable Scarves Set,Clothing,24.99
3515796169,LED Canopy Lights,Outdoor,29.99
1885433905,Sesame Noodles,Food - Grab-and-Go,5.99
6613184209,Cheesy Cauliflower Bake,Food - Frozen Vegetables,5.49
1706901038,Mini Air Purifier,Health,49.99
9551765982,Ground Turkey,Food - Meat,5.49
7286615254,Foam Roller for Muscle Recovery,Fitness,29.99
5778875185,Roasted Garlic Butter,Food - Condiments,3.29
4130584952,Caribbean Jerk Marinade,Food - Marinades,3.79
9810701136,Vegan Chickpea Salad,Food - Prepared Foods,3.99
5575647498,Pineapple Coconut Rice Mix,Food - Grains,3.99
8549738476,Cauliflower Rice Stir-Fry,Food - Frozen Foods,4.99
4417861188,Chili Garlic Sauce,Food - Condiments,2.49
4386258957,Educational STEM Kit,Toys,35.99
2103943821,Pesto Pasta Salad,Food - Prepared Foods,4.99
8929535976,Peach & Mango Salsa,Food - Snacks,4.49
6728780890,Buffalo Chicken Dip,Food - Dips,5.99
2816548813,Customizable Name Plate,Office,19.99
6228608045,Electric Griddle with Lid,Kitchen,49.99
1333943946,Dog Waste Bag Dispenser,Pets,6.99
4223423762,Antique Style Clock,Home,39.99
3791106023,Trackpad for Laptop,Accessories,49.99
3267096871,Electric Opener for Jars and Bottles,Kitchen,24.99
0115366393,Reversible Swimming Pool Lounger,Outdoor,34.99
5071109395,Beef Jerky,Food - Snacks,5.99
5635733972,DIY Candle Making Kit,Crafts,22.99
2326507681,Wire Shelving Unit,Home,69.99
2146297735,Frozen Pizza,Food - Frozen Foods,7.99
7218949878,Children's Musical Instrument Set,Toys,39.99
2216001325,Stainless Steel Grater,Kitchen,14.99
8341613301,Indestructible Dog Toy,Pets,15.99
5615510234,Mediterranean Flatbread,Food - Bakery,3.5
3511826721,Chocolate Coconut Protein Balls,Food - Snacks,2.99
5939532683,Yoga Mat Carrier,Fitness,12.99
9123523271,Electric Toothbrush,Health,49.95
6545773690,Outdoor String Lights,Outdoor,24.99
3348840805,Lentil Soup,Food - Canned Goods,2.49
3531427091,Bamboo Cutting Board,Kitchen,22
6111350897,Pumpkin Seeds,Food - Snacks,2.79
9269062767,Interchangeable Watch Bands,Accessories,24.99
3892903883,Noise-Canceling Earbuds,Audio,79.99
8178974703,Digital Food Scale,Kitchen,22.99
8180968677,Organic Baby Spinach,Food - Produce,2.99
0688822371,Pet Grooming Gloves,Pets,9.99
2712357876,Maxi Wrap Dress,Clothing - Dresses,49.99
9220726068,Italian Breadsticks,Food - Bakery,2.49
9432502163,Outdoor Sports Backpack,Outdoor,49.99
5288261725,Multifunctional Pocket Tool,Tools,19.99
9480161745,Frozen Berry Medley,Food - Frozen Foods,5.49
9914055699,Teriyaki Tofu Stir-Fry,Food - Prepared Meals,7.49
7583312094,Teriyaki Stir-Fry Sauce,Food - Condiments,3.49
1298496063,Eco-Friendly Cleaning Cloths,Home,12.99
5341392043,Pizza Stone,Kitchen,29.99
8629145811,Cauliflower Rice Stir-Fry,Food - Frozen Foods,4.99
0042968860,Insulated Coffee Mug,Kitchen,24.99
2704299706,Picnic Blanket,Outdoor,29.99
9014764022,LED Desk Lamp,Home,35
4136442068,Vegetable Fried Rice,Food - Frozen Foods,4.99
6757500558,Multi-Cooker,Kitchen,89.99
5026365027,Cranberry Lime Sparkling Water,Food - Beverages,1.5
0437446689,Set of Herb Garden Markers,Garden,8.99
6694103301,Compact Hair Dryer,Beauty,29.99
5793916288,Poppy Seed Dressing,Food - Condiments,3.49
4564310100,Compact Shoe Rack,Home,34.99
2811704531,Buffalo Chicken Dip,Food - Dips,5.99
8693336975,Peach Slices in Syrup,Food - Canned Goods,2.59
5594863133,Buffalo Sauce,Food - Condiments,2.99
7897781550,Sea Salt Caramel Brownie,Food - Bakery,2.49
0555070263,Honey Sesame Chicken Mix,Food - Frozen Meals,8.99
6939839895,Chili Lime Shrimp,Food - Seafood,8.99
4619899712,Vegetable Curry,Food - Frozen Foods,5.99
5213231705,Sweet Corn Fritters,Food - Frozen,4.49
0931592038,Spicy Avocado Salsa,Food - Condiments,4.49
9609105009,Cable Knit Cardigan,Clothing - Outerwear,49.99
9497457227,Portable Solar Phone Charger,Electronics,29.99
1984948628,Himalayan Pink Salt,Food - Condiments,1.99
6014486410,Knitted Infinity Scarf,Clothing - Accessories,29.99
3123097102,Tattoo Kit,Art Supplies,99.99
7156640240,Quinoa Salad,Food - Prepared Foods,5.99
6082209850,Pleated Midi Dress,Clothing - Dresses,79.99
4356815211,Smartphone Tripod with Bluetooth Remote,Photography,29.99
6002091645,Magnetic Curtain Tiebacks,Home,12.99
5383653929,Garlic Parmesan Roasted Potatoes,Food - Sides,3.99
6863757265,Baked Potato Chips,Food - Snacks,2.49
1146584598,Pet Leash,Pets,15.99
3276693372,Spaghetti Sauce,Food - Canned Goods,2.99
9857340210,Peanut Butter,Food - Condiments,3.79
4507260590,Wireless Printer,Office,99.99
1863249362,Mini Indoor Herb Garden Kit,Garden,24.99
0784485763,Electric Heat Pad,Health,24.99
2152528921,Measuring Cups Set,Kitchen,19.99
2021116522,Digital Food Thermometer,Kitchen,19.99
0799500550,Chocolate Covered Pretzels,Food - Snacks,3.29
9048765595,Wire Shelving Unit,Home,69.99
5910097466,Sports Water Bottle with Infuser,Fitness,19.99
5551110214,Sliced Avocado,Food - Produce,2.79
1590085086,Pork Tenderloin,Food - Meat,10.99
4237827631,Chocolate Mint Cookies,Food - Baking,2.29
2387006798,Ribbed Knit Dress,Clothing - Dresses,59.99
9186806955,Ranch Dressing,Food - Condiments,2.59
4116753335,Halloween Decoration Set,Home,29.99
9170670943,Antique Style Clock,Home,39.99
7241284194,Soft Plush Throw Blanket,Home,29.99
1346213690,Dual Function Electric Skillet,Kitchen,59.99
1188253115,Maxi Wrap Dress,Clothing - Dresses,49.99
4408557137,Foot Spa Bath Massager,Health,59.99
9679147800,Dried Fruit Medley,Food - Snacks,5.49
4092201567,Car Sunshade,Automotive,19.99
3729424203,Coconut Water,Food - Beverages,2.49
5076738366,Yoga Mat,Fitness,25
5686522286,Vegan Chickpea Salad,Food - Prepared Foods,3.99
9720263652,Car Vacuum Cleaner,Automotive,39.99
0999951114,Oven Mitts,Kitchen,15.99
6387943973,Pet Hair Remover,Pets,9.99
2410202411,DIY Candle Making Kit,Crafts,22.99
4982466831,Oven-Baked Chicken Tenders,Food - Meat,6.99
5761455277,Golf Putting Green,Sports,79.99
4070788271,Herb-Infused Olive Oil,Food - Oils,8.99
9752426875,Pasta Sauce Mix,Food - Sauces,1.29
2591277303,Weighted Blanket,Health,79.99
3492628303,Cheesy Cauliflower Bake,Food - Frozen Vegetables,5.49
6659836187,Sesame Oil,Food - Oils & Vinegars,3.99
9570016140,Two-Tone Windbreaker,Clothing - Outerwear,59.99
0748186972,Mini Indoor Hydroponic Garden,Garden,59.99
0244219354,Knitted Infinity Scarf,Clothing - Accessories,29.99
9181385633,Outdoor String Lights,Outdoor,24.99
1733474013,Cable Knit Beanie,Clothing - Accessories,19.99
8582539304,Dual Function Electric Skillet,Kitchen,59.99
0979530628,Art Supplies Organizer,Art Supplies,18.99
2590443366,Spinach and Feta Wraps,Food - Prepared Foods,4.99
8064210895,Cabbage,Food - Produce,1.29
8000198258,Organic Honeycrisp Apples,Food - Fruits,1.99
0593740475,Feta Cheese,Food - Dairy,4.99
0945285094,Self-Inflating Camping Mattress,Outdoor,49.99
0068486405,Gluten-Free Biscuits,Food - Baking,3.79
1612737366,Self-Cleaning Cat Litter Box,Pets,199.99
2192035667,Kale Caesar Salad Kit,Food - Salads,5.99
7041484076,Pet Carrier Backpack,Pets,39.99
4765546640,Granola Clusters,Food - Cereal,4.99
6948638732,Couscous Mix,Food - Grains,2.49
9736526038,Cucumber Relish,Food - Condiments,3.39
6592292733,Bodyweight Resistance Bands,Fitness,22.99
8171925642,Magnetic Curtain Tiebacks,Home,12.99
3900996237,Paint By Numbers Kit,Art Supplies,24.99
2231665301,Lemonade Mix,Food - Beverages,1.99
3234617120,Turmeric Ginger Tea,Food - Beverages,3.29
9089552510,Stuffed Peppers with Quinoa,Food - Prepared Meals,7.99
1636907660,Organic Honeycrisp Apples,Food - Fruits,1.99
5107692419,DIY Candle Making Kit,Crafts,22.99
6479102312,Mini Air Hockey Table,Toys,39.99
1434641775,Peanut Butter Banana Smoothie,Food - Beverages,3.99
2004013095,Chicken Parmesan Dinner Kit,Food - Frozen Meals,14.99
5889854933,Juice Extractor,Kitchen,99.99
2568666056,Banana Nut Oatmeal Cups,Food - Breakfast,2.99
4505200477,Personal Blender,Kitchen,39.99
8499068553,Sooji (Semolina),Food - Baking,1.99
2432533917,Air Purifier,Home,129.99
6872032987,Kids' Trampoline,Toys,139.99
9537932710,Electric Pressure Washer,Home Improvement,199.99
4943779611,Instant Camera,Photography,89.99
3221204833,Self-Watering Planter,Garden,24.99
8821635449,Portable Speakers,Audio,69.99
0660856034,Chocolate Syrup,Food - Condiments,2.99
7299121816,Applewood Smoked Bacon,Food - Meat,6.99
2146551461,Portable Air Compressor,Automotive,44.99
9989537461,Electric Toothbrush,Health,49.95
4220372121,Pet Grooming Scissors,Pets,16.99
8898462603,Chickpea Snack Mix,Food - Snacks,3.49
9237205708,Stainless Steel Travel Mug,Kitchen,19.99
0249321971,Travel Mug with Leak-Proof Lid,Kitchen,24.99
5549537923,Spicy Thai Noodles,Food - Frozen Meals,1.99
0913976679,Pocket Blanket,Outdoor,24.99
6336587916,Hot Dog Buns,Food - Bakery,2.49
4569739350,USB Flash Drive,Storage,9.99
0402645138,Kids' STEM Robotics Kit,Toys,59.99
8394166644,Decorative Throw Pillows,Home,29.99
2121667601,Mango Chilli Sauce,Food - Condiments,3.99
5119899927,Coconut Curry Chicken,Food - Frozen Foods,9.99
0995120447,Basic V-Neck T-Shirt,Clothing - Tops,19.99
0552730335,Wireless Charging Station,Electronics,39.99
7276991652,Electric Skillet,Kitchen,49.99
2381536485,Frozen Berry Medley,Food - Frozen Foods,5.49
2365301606,Folding Table,Outdoor,59.99
7494654496,Smoked Gouda Cheese,Food - Dairy,5.49
5265717072,Casual Sneakers,Clothing - Footwear,39.99
9585175223,Miso Dressing,Food - Dressings,3.49
4665027870,Electronic Drum Kit,Music,359.99
4292602786,Protein Bar Variety Pack,Food - Snacks,12.99
3487871572,Cranberry Orange Oatmeal,Food - Breakfast,2.49
6708025809,Vanilla Almond Granola,Food - Breakfast,4.29
6490911493,Overnight Hiking Backpack,Outdoor,79.99
3883091758,Natural Soy Candles,Home,19.99
7500452276,Pineapple Coconut Bars,Food - Snacks,3.79
5058541041,Cinnamon Raisin Bagels,Food - Bakery,4.19
5070707744,Ultra-Thin Laptop Sleeve,Accessories,19.99
9749746570,Incense Holder,Home,14.99
1874471851,Running Shorts,Clothing - Activewear,34.99
8724763845,Peanut Butter Filled Pretzels,Food - Snacks,3.99
0298497735,Couscous Mix,Food - Grains,2.49
2101639874,Savory Quinoa Pudding,Food - Sides,2.99
8157349737,Travel Luggage Scale,Travel,14.99
1046648691,Chocolate Hazelnut Spread,Food - Spreads,5.99
5498533241,Travel Luggage Scale,Travel,14.99
7978706702,Travel Beach Blanket,Outdoor,29.99
8218266275,Insulated Cooler,Outdoor,39.99
0568546199,Maple Bacon Popcorn,Food - Snacks,3.49
1550404229,Reusable Produce Bags Set,Kitchen,14.99
0588103578,Fleece Hoodie,Clothing - Outerwear,39.99
3666728944,Spicy Snack Mix,Food - Snacks,4.99
7826859875,Memory Card,Storage,15.99
0439054397,Classic Pesto Sauce,Food - Sauces,4.29
1661571735,French Bread,Food - Bakery,2.49
5108099452,Garlic Naan Bread,Food - Bakery,3.99
8086978184,Portable Hand Warmer,Accessories,24.99
5877899724,Lightweight Travel Backpack,Travel,39.99
3988887242,Air Fryer,Kitchen,79.99
4912402354,DIY Organic Gardening Kit,Garden,39.99
1100440275,DIY Organic Gardening Kit,Garden,39.99
0945299842,Cucumber Relish,Food - Condiments,3.39
2644441455,Sweet Chili Sauce,Food - Condiments,2.99
0729947947,Pumpkin Spice Creamer,Food - Beverages,3.79
4176452099,Balsamic Salad Dressing,Food - Deli,2.99
2385025264,Compact Folding Table,Outdoor,49.99
9514590813,Pet Food Storage Container,Pets,24.99
2359055305,Almond Milk,Food - Dairy,3.29
9989965633,Grilled Vegetable Medley,Food - Vegetables,4.49
1638247765,Cream Cheese,Food - Dairy,2.69
4215405327,Sliced Ham,Food - Meat,5.49
5947286998,Durable Hiking Boots,Footwear,89.99
9132624344,Snack Container Set,Kitchen,19.99
9631550702,Garlic Parmesan Roasted Potatoes,Food - Sides,3.99
8466068953,Graphic Sweatshirt,Clothing - Tops,34.99
2771855623,Travel Jewelry Case,Accessories,24.99
5745263008,Garden Vegetable Chips,Food - Snacks,3.49
6099001336,Smart Plant Monitor,Garden,24.99
5583485914,Heat-Resistant Silicone Mat,Kitchen,19.99
2816662357,Microfiber Cleaning Cloths,Home,9.99
7708435870,Dried Mango Slices,Food - Snacks,3.49
7128797939,Sea Salt Caramel Brownie,Food - Bakery,2.49
6598700167,Cotton Basic Tank,Clothing - Tops,14.99
5831326322,Garlic Butter Sauce,Food - Condiments,3.59
1373283564,Compost Bin,Garden,29.99
5193573169,DIY Lip Balm Kit,Crafts,22.99
9645596904,Adjustable Standing Desk,Office,299.99
6903793208,Canned Black Beans,Food - Canned Goods,1.29
3506670069,LED Under Cabinet Lighting,Home,29.99
1669957268,Teriyaki Chicken Stir-Fry,Food - Frozen Foods,6.99
4629827986,Sesame Seeds,Food - Baking,1.99
8102616245,Sunglasses Case,Accessories,15.99
9950145570,Mayonnaise,Food - Condiments,3.29
3323681738,Basic V-Neck T-Shirt,Clothing - Tops,19.99
1642224790,Roasted Red Pepper Sauce,Food - Sauces,3.29
6374644867,Deep Tissue Massage Gun,Health,89.99
1127926411,Cotton Sweatpants,Clothing - Bottoms,29.99
5941984316,Honey Sriracha Chicken Bites,Food - Frozen Foods,7.99
9632215117,Raspberry Vanilla Greek Yogurt,Food - Dairy,3.49
3745693280,Pressure Cooker,Kitchen,89
3238444352,Vegetarian Stuffed Peppers,Food - Prepared Foods,4.99
7049736864,Ground Turkey,Food - Meat,5.49
7494964401,Over-the-Door Shoe Organizer,Home,22.99
6682766130,Two-Tier Fruit Basket,Home,29.99
9779874410,Pet Food Storage Container,Pets,24.99
3444306903,Zesty Garlic Hummus,Food - Snacks,3.99
8307684668,Magnetic Curtain Tiebacks,Home,12.99
6549717337,Non-Stick Crepe Pan,Kitchen,29.99
6440776320,Travel Mug,Kitchen,18.99
8671803783,Honey Mustard Dip,Food - Condiments,3.29
6119718826,Savory Mushroom Risotto,Food - Gourmet Rice,6.49
0736029664,Scent Diffuser Oil,Home,14.99
7487711757,DIY Candle Kit,Crafts,34.99
7409436034,Garlic and Herb Rub,Food - Spices,2.29
0630865027,Car Seat Organizer,Automotive,14.99
5573586645,Kids' Science Experiment Kit,Toys,29.99
1663689423,Multi-Tool,Outdoor,39.99
1973248352,Maple Pecan Granola,Food - Breakfast,4.49
5760035703,Interactive Robot Toy,Toys,34.99
3694895264,Mango Salsa,Food - Condiments,3.49
4252557402,Sesame Noodles,Food - Grab-and-Go,5.99
1421622904,Car Sunshade,Automotive,19.99
4239354536,Flavored Instant Oatmeal,Food - Breakfast,2.99
2693726573,High-Quality Yoga Mat,Fitness,34.99
9002293429,Sunglasses,Accessories,29.99
6791030844,Pet Grooming Gloves,Pets,9.99
9484481744,Weighted Blanket,Health,79.99
0771358962,Folding Table,Outdoor,59.99
0169960846,Habanero Hot Sauce,Food - Condiments,3.79
5236767717,Raisin Cinnamon Granola,Food - Cereals,3.79
4434207369,Buffalo Stilton Cheese,Food - Cheese,8.99
7377467770,Slingback Sandals,Clothing - Footwear,29.99
8105258153,Beef Taco Skillet,Food - Meal Kits,8.49
0908387830,Roasted Red Pepper Dip,Food - Snacks,3.29
8944574553,Frozen Mixed Berries,Food - Frozen Foods,5.99
5018029595,Smartphone UV Sanitizer,Health,39.99
9494018052,Mango Chilli Sauce,Food - Condiments,3.99
1023064553,Stainless Steel Travel Mug,Kitchen,19.99
9731342699,Fried Rice,Food - Frozen Foods,4.29
4372378769,Lemon Pepper Seasoning,Food - Seasonings,3.29
1426751494,Oversized Denim Shirt,Clothing - Shirts,49.99
1626597170,Jigsaw Puzzle,Toys,14.99
4009649860,Chocolate Hazelnut Spread,Food - Spreads,5.99
9829687740,Buffalo Chicken Wraps,Food - Prepared Meals,5.99
2261771495,Organic Coconut Yogurt,Food - Dairy,4.49
1916792065,Frozen Mixed Vegetables,Food - Frozen,1.99
8288971423,Smartphone Tripod with Bluetooth Remote,Photography,29.99
3007820111,Emergency Preparedness Kit,Safety,99.99
1706067720,Pumpkin Spice Creamer,Food - Beverages,3.79
9883977913,Craft Beer Mustard,Food - Condiments,3.99
8035813420,Oats,Food - Grains,3.29
6767135305,Pineapple Salsa,Food - Condiments,4.29
1981745831,Pasta Salad Kit,Food - Prepared Foods,5.99
7753597507,Wireless Printer,Office,99.99
0920183824,Smart Home Hub,Smart Home,99.99
0189489340,Reversible Swimming Pool Lounger,Outdoor,34.99
8524577037,Kids' Activity Book,Books,14.99
2508707759,Laundry Detergent,Food - Household,12.99
3765373567,Smart Plug,Smart Home,19.99
8111220928,Sports Bottle,Fitness,15.99
1413014232,Chili Lime Seasoning,Food - Spices,2.99
5962962192,Reusable Food Storage Bags,Kitchen,19.99
5684371736,Coffee Maker,Kitchen,89.99
0006392474,Pumpkin Spice Latte Mix,Food - Beverages,3.29
0752680889,Crispy Tofu Bites,Food - Protein,4.99
3262244392,Peanut Butter Protein Balls,Food - Snacks,5.29
2381628797,Chino Shorts,Clothing - Bottoms,34.99
7328890886,Whipped Cream Cheese,Food - Dairy,2.99
2352383412,Casual Cropped Sweater,Clothing - Sweaters,39.99
0299750361,Organic Brown Rice Cakes,Food - Snacks,3.99
7135363523,Frozen Burritos,Food - Frozen Foods,8.99
4646248417,Window Bird Feeder,Outdoor,19.99
8810287924,Set of Silicone Baking Molds,Kitchen,15.99
8740497577,Peanut Butter Pretzel Nuggets,Food - Snacks,3.29
0093764758,Window Blinds,Home,59.99
6548094212,Coconut Granola,Food - Snacks,4.19
5313673025,Roasted Red Pepper Sauce,Food - Sauces,3.29
4185196172,Smartphone Hand Grip,Accessories,9.99
8454785833,Mechanical Keyboard,Computers,99.99
5858249051,Ceramic Planter Set,Home,39.99
6929679348,Black Bean Spaghetti,Food - Pasta,3.99
